label,id
1,1000
-1,100002
-1,100003
-1,100004
-1,100005
-1,100006
-1,100007
-1,100008
-1,100009
-1,100011
-1,100012
-1,100014
-1,100015
-1,100016
-1,100017
-1,100018
-1,100019
-1,100020
-1,100021
-1,100023
-1,100024
-1,100025
-1,100026
-1,100027
-1,100028
-1,100029
-1,100030
-1,100031
-1,100032
-1,100033
-1,100034
-1,100035
-1,100036
-1,100037
-1,100038
-1,100039
-1,100040
-1,100041
-1,100042
-1,100043
-1,100044
-1,100046
-1,100047
-1,100048
-1,100049
-1,100050
-1,100051
-1,100052
-1,100053
-1,100054
-1,100055
-1,100056
-1,100057
-1,100058
-1,100059
-1,100060
-1,100061
-1,100062
-1,100063
-1,100064
-1,100065
-1,100066
-1,100067
-1,100068
-1,100069
-1,100070
-1,100071
-1,100072
-1,100074
-1,100075
-1,100076
-1,100077
-1,100078
-1,100079
-1,100080
-1,100081
-1,100082
-1,100083
-1,100084
-1,100085
-1,100086
-1,100087
-1,100088
-1,100089
-1,100090
-1,100091
-1,100092
-1,100093
-1,100094
-1,100096
-1,100097
-1,100098
-1,100099
1,1001
-1,100100
-1,100101
-1,100102
-1,100103
-1,100104
-1,100105
-1,100106
-1,100108
-1,100109
-1,100110
-1,100111
-1,100112
-1,100113
-1,100114
-1,100115
-1,100116
-1,100117
-1,100118
-1,100119
-1,100120
-1,100121
-1,100123
-1,100124
-1,100125
-1,100126
-1,100127
-1,100128
-1,100129
-1,100130
-1,100131
-1,100132
-1,100133
-1,100134
-1,100135
-1,100136
-1,100137
-1,100138
-1,100139
-1,100140
-1,100141
-1,100142
-1,100143
-1,100144
-1,100146
-1,100147
-1,100148
-1,100149
-1,100150
-1,100151
-1,100152
-1,100153
-1,100154
-1,100155
-1,100156
-1,100157
-1,100158
-1,100159
-1,100161
-1,100162
-1,100163
-1,100164
-1,100165
-1,100166
-1,100167
-1,100168
-1,100169
-1,100170
-1,100171
-1,100172
-1,100173
-1,100174
-1,100175
-1,100176
-1,100177
-1,100178
-1,100180
-1,100181
-1,100182
-1,100183
-1,100184
-1,100186
-1,100187
-1,100188
-1,100189
-1,100190
-1,100191
-1,100192
-1,100193
-1,100194
-1,100195
-1,100196
-1,100197
-1,100198
-1,100199
1,1002
-1,100200
-1,100201
-1,100202
-1,100203
-1,100204
-1,100205
-1,100206
-1,100207
-1,100208
-1,100211
-1,100212
-1,100214
-1,100215
-1,100216
-1,100217
-1,100218
-1,100219
-1,100220
-1,100221
-1,100222
-1,100223
-1,100224
-1,100225
-1,100226
-1,100227
-1,100228
-1,100229
-1,100230
-1,100231
-1,100232
-1,100233
-1,100234
-1,100235
-1,100236
-1,100237
-1,100238
-1,100239
-1,100240
-1,100241
-1,100242
-1,100243
-1,100244
-1,100245
-1,100246
-1,100247
-1,100248
-1,100249
-1,100250
-1,100252
-1,100253
-1,100255
-1,100256
-1,100258
-1,100259
-1,100260
-1,100261
-1,100262
-1,100263
-1,100264
-1,100265
-1,100266
-1,100267
-1,100268
-1,100269
-1,100270
-1,100271
-1,100272
-1,100273
-1,100274
-1,100276
-1,100277
-1,100278
-1,100279
-1,100280
-1,100281
-1,100282
-1,100283
-1,100284
-1,100285
-1,100286
-1,100287
-1,100288
-1,100289
-1,100290
-1,100291
-1,100292
-1,100293
-1,100294
-1,100295
-1,100296
-1,100297
-1,100298
-1,100299
-1,100300
-1,100302
-1,100303
-1,100304
-1,100305
-1,100306
-1,100307
-1,100308
-1,100309
-1,100310
-1,100312
-1,100313
-1,100314
-1,100315
-1,100316
-1,100317
-1,100318
-1,100319
-1,100320
-1,100321
-1,100322
-1,100324
-1,100325
-1,100326
-1,100327
-1,100328
-1,100329
-1,100330
-1,100331
-1,100332
-1,100333
-1,100334
-1,100335
-1,100336
-1,100337
-1,100338
-1,100339
-1,100340
-1,100341
-1,100342
-1,100343
-1,100344
-1,100345
-1,100346
-1,100347
-1,100348
-1,100349
-1,100350
-1,100351
-1,100352
-1,100353
-1,100354
-1,100355
-1,100356
-1,100357
-1,100358
-1,100359
-1,100360
-1,100361
-1,100362
-1,100363
-1,100364
-1,100365
-1,100366
-1,100367
-1,100368
-1,100369
-1,100370
-1,100371
-1,100372
-1,100373
-1,100374
-1,100375
-1,100376
-1,100377
-1,100378
-1,100379
-1,100380
-1,100381
-1,100382
-1,100383
-1,100384
-1,100385
-1,100386
-1,100387
-1,100388
-1,100389
-1,100390
-1,100391
-1,100392
-1,100393
-1,100394
-1,100395
-1,100396
-1,100397
-1,100398
-1,100399
1,1004
-1,100401
-1,100402
-1,100403
-1,100404
-1,100405
-1,100406
-1,100407
-1,100408
-1,100409
-1,100410
-1,100411
-1,100412
-1,100413
-1,100414
-1,100415
-1,100416
-1,100417
-1,100418
-1,100419
-1,100420
-1,100421
-1,100422
-1,100423
-1,100424
-1,100425
-1,100426
-1,100427
-1,100428
-1,100429
-1,100430
-1,100431
-1,100432
-1,100433
-1,100434
-1,100435
-1,100436
-1,100437
-1,100438
-1,100439
-1,100440
-1,100442
-1,100444
-1,100445
-1,100446
-1,100447
-1,100448
-1,100449
-1,100450
-1,100451
-1,100452
-1,100453
-1,100455
-1,100456
-1,100457
-1,100458
-1,100459
-1,100461
-1,100462
-1,100463
-1,100464
-1,100465
-1,100466
-1,100467
-1,100468
-1,100469
-1,100470
-1,100471
-1,100472
-1,100473
-1,100474
-1,100475
-1,100476
-1,100477
-1,100478
-1,100479
-1,100480
-1,100481
-1,100482
-1,100483
-1,100484
-1,100485
-1,100486
-1,100487
-1,100488
-1,100489
-1,100490
-1,100491
-1,100492
-1,100493
-1,100494
-1,100495
-1,100496
-1,100497
-1,100498
-1,100499
1,1005
-1,100500
-1,100501
-1,100502
-1,100503
-1,100504
-1,100505
-1,100507
-1,100508
-1,100509
-1,100510
-1,100511
-1,100512
-1,100514
-1,100515
-1,100516
-1,100517
-1,100518
-1,100519
-1,100520
-1,100521
-1,100523
-1,100524
-1,100525
-1,100526
-1,100527
-1,100529
-1,100531
-1,100532
-1,100533
-1,100534
-1,100535
-1,100536
-1,100537
-1,100538
-1,100539
-1,100540
-1,100541
-1,100542
-1,100543
-1,100544
-1,100545
-1,100546
-1,100547
-1,100548
-1,100549
-1,100550
-1,100551
-1,100552
-1,100553
-1,100554
-1,100555
-1,100556
-1,100557
-1,100558
-1,100559
-1,100560
-1,100561
-1,100562
-1,100563
-1,100564
-1,100565
-1,100566
-1,100567
-1,100568
-1,100569
-1,100570
-1,100571
-1,100572
-1,100573
-1,100574
-1,100575
-1,100576
-1,100577
-1,100578
-1,100579
-1,100580
-1,100581
-1,100582
-1,100583
-1,100584
-1,100585
-1,100586
-1,100587
-1,100588
-1,100589
-1,100590
-1,100591
-1,100592
-1,100593
-1,100594
-1,100595
-1,100596
-1,100597
-1,100598
-1,100599
1,1006
-1,100600
-1,100601
-1,100602
-1,100603
-1,100604
-1,100605
-1,100606
-1,100607
-1,100608
-1,100609
-1,100610
-1,100611
-1,100612
-1,100613
-1,100614
-1,100615
-1,100616
-1,100617
-1,100619
-1,100620
-1,100621
-1,100622
-1,100623
-1,100624
-1,100625
-1,100626
-1,100627
-1,100628
-1,100629
-1,100630
-1,100631
-1,100632
-1,100633
-1,100634
-1,100635
-1,100636
-1,100637
-1,100638
-1,100639
-1,100640
-1,100642
-1,100643
-1,100645
-1,100646
-1,100647
-1,100648
-1,100649
-1,100650
-1,100651
-1,100652
-1,100653
-1,100654
-1,100655
-1,100656
-1,100657
-1,100658
-1,100659
-1,100660
-1,100661
-1,100663
-1,100664
-1,100665
-1,100666
-1,100667
-1,100668
-1,100669
-1,100670
-1,100671
-1,100672
-1,100673
-1,100674
-1,100676
-1,100677
-1,100679
-1,100680
-1,100681
-1,100682
-1,100683
-1,100684
-1,100685
-1,100686
-1,100687
-1,100688
-1,100690
-1,100691
-1,100692
-1,100693
-1,100694
-1,100695
-1,100696
-1,100697
-1,100698
-1,100699
1,1007
-1,100700
-1,100701
-1,100702
-1,100703
-1,100704
-1,100705
-1,100706
-1,100707
-1,100708
-1,100709
-1,100710
-1,100711
-1,100712
-1,100713
-1,100714
-1,100716
-1,100717
-1,100718
-1,100719
-1,100720
-1,100721
-1,100722
-1,100723
-1,100724
-1,100726
-1,100727
-1,100728
-1,100729
-1,100730
-1,100731
-1,100732
-1,100733
-1,100734
-1,100735
-1,100736
-1,100737
-1,100738
-1,100739
-1,100740
-1,100741
-1,100742
-1,100743
-1,100744
-1,100745
-1,100746
-1,100747
-1,100748
-1,100749
-1,100750
-1,100751
-1,100752
-1,100753
-1,100754
-1,100755
-1,100756
-1,100757
-1,100758
-1,100759
-1,100760
-1,100761
-1,100762
-1,100764
-1,100765
-1,100766
-1,100767
-1,100768
-1,100769
-1,100770
-1,100771
-1,100772
-1,100773
-1,100774
-1,100776
-1,100777
-1,100778
-1,100779
-1,100780
-1,100781
-1,100782
-1,100783
-1,100784
-1,100785
-1,100786
-1,100787
-1,100788
-1,100789
-1,100790
-1,100791
-1,100792
-1,100794
-1,100795
-1,100797
-1,100798
-1,100799
1,1008
-1,100800
-1,100801
-1,100802
-1,100803
-1,100804
-1,100806
-1,100808
-1,100809
-1,100810
-1,100811
-1,100812
-1,100813
-1,100814
-1,100815
-1,100816
-1,100817
-1,100818
-1,100819
-1,100820
-1,100821
-1,100823
-1,100824
-1,100825
-1,100826
-1,100827
-1,100828
-1,100829
-1,100830
-1,100831
-1,100832
-1,100833
-1,100834
-1,100835
-1,100836
-1,100838
-1,100839
-1,100840
-1,100841
-1,100842
-1,100843
-1,100844
-1,100845
-1,100846
-1,100847
-1,100848
-1,100849
-1,100850
-1,100851
-1,100853
-1,100854
-1,100855
-1,100856
-1,100857
-1,100858
-1,100859
-1,100860
-1,100861
-1,100862
-1,100863
-1,100864
-1,100865
-1,100866
-1,100867
-1,100868
-1,100869
-1,100870
-1,100871
-1,100872
-1,100873
-1,100874
-1,100875
-1,100876
-1,100877
-1,100878
-1,100879
-1,100880
-1,100881
-1,100882
-1,100883
-1,100884
-1,100885
-1,100886
-1,100887
-1,100888
-1,100889
-1,100890
-1,100891
-1,100892
-1,100894
-1,100895
-1,100896
-1,100897
-1,100898
-1,100899
1,1009
-1,100900
-1,100901
-1,100902
-1,100903
-1,100904
-1,100905
-1,100906
-1,100907
-1,100908
-1,100909
-1,100910
-1,100912
-1,100913
-1,100914
-1,100915
-1,100917
-1,100918
-1,100919
-1,100920
-1,100921
-1,100922
-1,100923
-1,100924
-1,100925
-1,100926
-1,100927
-1,100928
-1,100929
-1,100931
-1,100932
-1,100933
-1,100934
-1,100935
-1,100936
-1,100937
-1,100939
-1,100940
-1,100941
-1,100942
-1,100944
-1,100945
-1,100946
-1,100947
-1,100948
-1,100949
-1,100951
-1,100952
-1,100953
-1,100954
-1,100956
-1,100957
-1,100958
-1,100959
-1,100960
-1,100964
-1,100966
-1,100967
-1,100968
-1,100969
-1,100971
-1,100972
-1,100973
-1,100974
-1,100975
-1,100976
-1,100977
-1,100978
-1,100979
-1,100980
-1,100981
-1,100982
-1,100983
-1,100984
-1,100986
-1,100987
-1,100988
-1,100990
-1,100991
-1,100992
-1,100993
-1,100994
-1,100995
-1,100996
-1,100997
-1,100998
-1,100999
1,1010
-1,101000
-1,101001
-1,101002
-1,101003
-1,101004
-1,101005
-1,101006
-1,101007
-1,101008
-1,101010
-1,101011
-1,101012
-1,101013
-1,101014
-1,101015
-1,101016
-1,101017
-1,101018
-1,101019
-1,101020
-1,101021
-1,101022
-1,101023
-1,101024
-1,101025
-1,101026
-1,101027
-1,101028
-1,101029
-1,101030
-1,101031
-1,101032
-1,101033
-1,101034
-1,101035
-1,101036
-1,101037
-1,101038
-1,101039
-1,101041
-1,101042
-1,101043
-1,101044
-1,101045
-1,101046
-1,101047
-1,101048
-1,101049
-1,101050
-1,101051
-1,101052
-1,101053
-1,101054
-1,101055
-1,101056
-1,101057
-1,101058
-1,101059
-1,101060
-1,101061
-1,101062
-1,101063
-1,101064
-1,101066
-1,101067
-1,101068
-1,101069
-1,101070
-1,101071
-1,101072
-1,101073
-1,101074
-1,101075
-1,101076
-1,101078
-1,101079
-1,101080
-1,101081
-1,101082
-1,101083
-1,101084
-1,101085
-1,101087
-1,101088
-1,101089
-1,101090
-1,101092
-1,101093
-1,101094
-1,101095
-1,101096
-1,101098
-1,101099
1,1011
-1,101100
-1,101101
-1,101102
-1,101103
-1,101104
-1,101105
-1,101107
-1,101108
-1,101109
-1,101110
-1,101111
-1,101112
-1,101113
-1,101114
-1,101115
-1,101116
-1,101118
-1,101120
-1,101121
-1,101122
-1,101124
-1,101125
-1,101126
-1,101127
-1,101128
-1,101129
-1,101130
-1,101131
-1,101132
-1,101133
-1,101134
-1,101135
-1,101136
-1,101137
-1,101138
-1,101140
-1,101141
-1,101142
-1,101143
-1,101144
-1,101145
-1,101146
-1,101147
-1,101149
-1,101150
-1,101151
-1,101152
-1,101153
-1,101154
-1,101156
-1,101157
-1,101158
-1,101159
-1,101160
-1,101161
-1,101162
-1,101163
-1,101164
-1,101165
-1,101166
-1,101167
-1,101168
-1,101169
-1,101170
-1,101171
-1,101172
-1,101173
-1,101174
-1,101175
-1,101177
-1,101178
-1,101179
-1,101180
-1,101181
-1,101182
-1,101183
-1,101184
-1,101185
-1,101186
-1,101187
-1,101188
-1,101189
-1,101191
-1,101192
-1,101193
-1,101194
-1,101195
-1,101196
-1,101198
-1,101199
1,1012
-1,101200
-1,101202
-1,101203
-1,101204
-1,101205
-1,101207
-1,101208
-1,101209
-1,101210
-1,101211
-1,101212
-1,101213
-1,101214
-1,101215
-1,101217
-1,101218
-1,101219
-1,101220
-1,101221
-1,101222
-1,101223
-1,101224
-1,101226
-1,101227
-1,101230
-1,101231
-1,101233
-1,101234
-1,101235
-1,101236
-1,101237
-1,101238
-1,101239
-1,101240
-1,101241
-1,101242
-1,101245
-1,101246
-1,101247
-1,101248
-1,101249
-1,101250
-1,101251
-1,101252
-1,101253
-1,101254
-1,101255
-1,101256
-1,101257
-1,101258
-1,101259
-1,101260
-1,101261
-1,101262
-1,101263
-1,101264
-1,101266
-1,101267
-1,101268
-1,101269
-1,101270
-1,101271
-1,101272
-1,101273
-1,101274
-1,101275
-1,101276
-1,101277
-1,101278
-1,101279
-1,101280
-1,101281
-1,101282
-1,101285
-1,101287
-1,101288
-1,101289
-1,101290
-1,101291
-1,101292
-1,101293
-1,101294
-1,101295
-1,101296
-1,101297
-1,101298
-1,101299
1,1013
-1,101301
-1,101302
-1,101303
-1,101304
-1,101305
-1,101306
-1,101307
-1,101308
-1,101309
-1,101310
-1,101311
-1,101312
-1,101313
-1,101314
-1,101315
-1,101316
-1,101317
-1,101318
-1,101319
-1,101320
-1,101321
-1,101322
-1,101323
-1,101324
-1,101325
-1,101326
-1,101327
-1,101328
-1,101329
-1,101330
-1,101331
-1,101332
-1,101333
-1,101334
-1,101335
-1,101336
-1,101337
-1,101338
-1,101339
-1,101340
-1,101341
-1,101342
-1,101343
-1,101344
-1,101345
-1,101346
-1,101347
-1,101348
-1,101349
-1,101350
-1,101351
-1,101352
-1,101353
-1,101354
-1,101355
-1,101356
-1,101357
-1,101358
-1,101359
-1,101360
-1,101361
-1,101362
-1,101363
-1,101364
-1,101365
-1,101366
-1,101367
-1,101368
-1,101369
-1,101370
-1,101371
-1,101372
-1,101373
-1,101374
-1,101375
-1,101376
-1,101377
-1,101378
-1,101379
-1,101380
-1,101381
-1,101382
-1,101383
-1,101384
-1,101385
-1,101386
-1,101387
-1,101388
-1,101389
-1,101390
-1,101392
-1,101393
-1,101394
-1,101396
-1,101398
-1,101399
1,1014
-1,101400
-1,101401
-1,101402
-1,101403
-1,101404
-1,101405
-1,101406
-1,101407
-1,101408
-1,101409
-1,101410
-1,101411
-1,101412
-1,101413
-1,101414
-1,101415
-1,101416
-1,101417
-1,101418
-1,101420
-1,101422
-1,101423
-1,101424
-1,101425
-1,101426
-1,101427
-1,101429
-1,101431
-1,101432
-1,101433
-1,101434
-1,101435
-1,101436
-1,101437
-1,101439
-1,101440
-1,101441
-1,101442
-1,101443
-1,101444
-1,101445
-1,101447
-1,101448
-1,101449
-1,101450
-1,101451
-1,101452
-1,101453
-1,101454
-1,101455
-1,101456
-1,101457
-1,101458
-1,101459
-1,101460
-1,101461
-1,101462
-1,101463
-1,101464
-1,101465
-1,101466
-1,101467
-1,101468
-1,101469
-1,101470
-1,101472
-1,101473
-1,101474
-1,101475
-1,101477
-1,101478
-1,101479
-1,101480
-1,101481
-1,101482
-1,101483
-1,101485
-1,101486
-1,101487
-1,101488
-1,101489
-1,101490
-1,101491
-1,101492
-1,101494
-1,101495
-1,101496
-1,101497
-1,101498
-1,101499
1,1015
-1,101500
-1,101501
-1,101502
-1,101503
-1,101504
-1,101505
-1,101506
-1,101507
-1,101508
-1,101509
-1,101510
-1,101512
-1,101513
-1,101514
-1,101515
-1,101516
-1,101517
-1,101518
-1,101519
-1,101520
-1,101521
-1,101522
-1,101523
-1,101525
-1,101526
-1,101527
-1,101528
-1,101529
-1,101530
-1,101531
-1,101532
-1,101534
-1,101535
-1,101536
-1,101537
-1,101538
-1,101539
-1,101541
-1,101542
-1,101543
-1,101544
-1,101545
-1,101546
-1,101548
-1,101549
-1,101550
-1,101551
-1,101552
-1,101553
-1,101554
-1,101555
-1,101556
-1,101557
-1,101558
-1,101559
-1,101560
-1,101561
-1,101562
-1,101563
-1,101564
-1,101565
-1,101566
-1,101568
-1,101569
-1,101570
-1,101571
-1,101572
-1,101573
-1,101574
-1,101575
-1,101576
-1,101577
-1,101578
-1,101579
-1,101580
-1,101581
-1,101582
-1,101583
-1,101584
-1,101585
-1,101586
-1,101587
-1,101588
-1,101589
-1,101590
-1,101591
-1,101592
-1,101593
-1,101594
-1,101595
-1,101596
-1,101597
-1,101598
-1,101600
-1,101601
-1,101602
-1,101603
-1,101605
-1,101606
-1,101607
-1,101608
-1,101609
-1,101610
-1,101611
-1,101612
-1,101613
-1,101614
-1,101615
-1,101616
-1,101617
-1,101618
-1,101619
-1,101620
-1,101621
-1,101622
-1,101623
-1,101624
-1,101625
-1,101626
-1,101627
-1,101628
-1,101629
-1,101630
-1,101631
-1,101632
-1,101633
-1,101634
-1,101635
-1,101636
-1,101637
-1,101638
-1,101639
-1,101640
-1,101641
-1,101642
-1,101643
-1,101644
-1,101645
-1,101646
-1,101647
-1,101648
-1,101649
-1,101650
-1,101651
-1,101652
-1,101653
-1,101654
-1,101655
-1,101656
-1,101657
-1,101658
-1,101660
-1,101661
-1,101662
-1,101663
-1,101665
-1,101666
-1,101667
-1,101668
-1,101669
-1,101670
-1,101671
-1,101672
-1,101673
-1,101674
-1,101675
-1,101676
-1,101677
-1,101678
-1,101679
-1,101680
-1,101682
-1,101683
-1,101685
-1,101686
-1,101687
-1,101688
-1,101689
-1,101690
-1,101691
-1,101692
-1,101693
-1,101694
-1,101695
-1,101696
-1,101697
-1,101698
-1,101699
-1,101702
-1,101703
-1,101704
-1,101705
-1,101707
-1,101708
-1,101709
-1,101710
-1,101711
-1,101712
-1,101713
-1,101714
-1,101716
-1,101717
-1,101718
-1,101719
-1,101720
-1,101721
-1,101722
-1,101723
-1,101724
-1,101725
-1,101726
-1,101727
-1,101728
-1,101729
-1,101730
-1,101731
-1,101732
-1,101733
-1,101734
-1,101735
-1,101736
-1,101737
-1,101738
-1,101740
-1,101741
-1,101742
-1,101743
-1,101744
-1,101745
-1,101747
-1,101748
-1,101749
-1,101750
-1,101751
-1,101752
-1,101753
-1,101754
-1,101755
-1,101756
-1,101757
-1,101758
-1,101759
-1,101761
-1,101762
-1,101763
-1,101764
-1,101765
-1,101766
-1,101767
-1,101768
-1,101769
-1,101770
-1,101771
-1,101772
-1,101773
-1,101774
-1,101775
-1,101776
-1,101778
-1,101779
-1,101780
-1,101781
-1,101782
-1,101783
-1,101784
-1,101785
-1,101786
-1,101787
-1,101788
-1,101789
-1,101790
-1,101791
-1,101793
-1,101794
-1,101795
-1,101796
-1,101797
-1,101798
-1,101799
1,1018
-1,101800
-1,101802
-1,101803
-1,101804
-1,101805
-1,101806
-1,101807
-1,101808
-1,101810
-1,101811
-1,101812
-1,101813
-1,101814
-1,101815
-1,101816
-1,101817
-1,101819
-1,101820
-1,101821
-1,101822
-1,101823
-1,101824
-1,101825
-1,101826
-1,101828
-1,101829
-1,101830
-1,101831
-1,101832
-1,101833
-1,101834
-1,101835
-1,101837
-1,101838
-1,101839
-1,101840
-1,101842
-1,101843
-1,101845
-1,101846
-1,101847
-1,101848
-1,101849
-1,101850
-1,101851
-1,101852
-1,101853
-1,101854
-1,101855
-1,101856
-1,101857
-1,101859
-1,101860
-1,101861
-1,101862
-1,101863
-1,101864
-1,101865
-1,101866
-1,101867
-1,101868
-1,101869
-1,101870
-1,101871
-1,101872
-1,101873
-1,101874
-1,101875
-1,101876
-1,101877
-1,101878
-1,101879
-1,101880
-1,101881
-1,101882
-1,101883
-1,101884
-1,101885
-1,101886
-1,101887
-1,101888
-1,101889
-1,101890
-1,101891
-1,101892
-1,101893
-1,101894
-1,101895
-1,101896
-1,101897
-1,101898
-1,101899
1,1019
-1,101900
-1,101901
-1,101902
-1,101903
-1,101904
-1,101905
-1,101906
-1,101907
-1,101908
-1,101909
-1,101910
-1,101911
-1,101912
-1,101913
-1,101914
-1,101916
-1,101917
-1,101918
-1,101919
-1,101921
-1,101922
-1,101923
-1,101924
-1,101925
-1,101926
-1,101927
-1,101928
-1,101930
-1,101931
-1,101932
-1,101933
-1,101934
-1,101935
-1,101937
-1,101938
-1,101939
-1,101941
-1,101942
-1,101943
-1,101944
-1,101945
-1,101947
-1,101948
-1,101949
-1,101950
-1,101951
-1,101952
-1,101953
-1,101954
-1,101955
-1,101956
-1,101957
-1,101958
-1,101959
-1,101960
-1,101961
-1,101962
-1,101963
-1,101964
-1,101965
-1,101966
-1,101967
-1,101969
-1,101970
-1,101971
-1,101972
-1,101973
-1,101974
-1,101975
-1,101976
-1,101978
-1,101979
-1,101980
-1,101981
-1,101982
-1,101983
-1,101984
-1,101986
-1,101987
-1,101988
-1,101989
-1,101990
-1,101991
-1,101992
-1,101993
-1,101994
-1,101995
-1,101996
-1,101997
-1,101998
-1,101999
1,1020
-1,102001
-1,102002
-1,102003
-1,102005
-1,102006
-1,102007
-1,102009
-1,102010
-1,102011
-1,102012
-1,102013
-1,102014
-1,102015
-1,102016
-1,102017
-1,102018
-1,102019
-1,102020
-1,102021
-1,102022
-1,102023
-1,102024
-1,102025
-1,102026
-1,102027
-1,102028
-1,102029
-1,102030
-1,102031
-1,102032
-1,102033
-1,102034
-1,102035
-1,102036
-1,102037
-1,102038
-1,102039
-1,102040
-1,102041
-1,102042
-1,102043
-1,102044
-1,102045
-1,102047
-1,102048
-1,102049
-1,102050
-1,102051
-1,102053
-1,102054
-1,102055
-1,102056
-1,102057
-1,102058
-1,102059
-1,102060
-1,102061
-1,102062
-1,102063
-1,102065
-1,102066
-1,102067
-1,102068
-1,102069
-1,102070
-1,102071
-1,102072
-1,102073
-1,102074
-1,102075
-1,102076
-1,102077
-1,102078
-1,102079
-1,102080
-1,102082
-1,102083
-1,102084
-1,102085
-1,102087
-1,102088
-1,102089
-1,102090
-1,102091
-1,102092
-1,102093
-1,102094
-1,102095
-1,102096
-1,102097
-1,102099
1,1021
-1,102100
-1,102102
-1,102103
-1,102104
-1,102105
-1,102106
-1,102107
-1,102108
-1,102109
-1,102110
-1,102111
-1,102112
-1,102113
-1,102114
-1,102115
-1,102116
-1,102117
-1,102118
-1,102119
-1,102120
-1,102121
-1,102122
-1,102123
-1,102124
-1,102125
-1,102126
-1,102127
-1,102128
-1,102129
-1,102131
-1,102132
-1,102133
-1,102134
-1,102135
-1,102136
-1,102137
-1,102138
-1,102139
-1,102140
-1,102141
-1,102142
-1,102143
-1,102144
-1,102145
-1,102146
-1,102148
-1,102149
-1,102150
-1,102151
-1,102152
-1,102154
-1,102155
-1,102156
-1,102157
-1,102158
-1,102160
-1,102161
-1,102162
-1,102163
-1,102164
-1,102165
-1,102166
-1,102167
-1,102168
-1,102169
-1,102171
-1,102172
-1,102173
-1,102175
-1,102176
-1,102177
-1,102178
-1,102179
-1,102180
-1,102181
-1,102182
-1,102184
-1,102185
-1,102186
-1,102187
-1,102188
-1,102189
-1,102190
-1,102191
-1,102192
-1,102193
-1,102194
-1,102195
-1,102196
-1,102197
-1,102198
-1,102199
1,1022
-1,102200
-1,102202
-1,102203
-1,102204
-1,102205
-1,102206
-1,102207
-1,102208
-1,102209
-1,102210
-1,102211
-1,102212
-1,102213
-1,102214
-1,102215
-1,102216
-1,102217
-1,102218
-1,102219
-1,102220
-1,102221
-1,102222
-1,102223
-1,102224
-1,102225
-1,102226
-1,102227
-1,102228
-1,102229
-1,102230
-1,102231
-1,102232
-1,102233
-1,102234
-1,102235
-1,102236
-1,102237
-1,102238
-1,102239
-1,102240
-1,102241
-1,102242
-1,102243
-1,102244
-1,102245
-1,102246
-1,102247
-1,102250
-1,102252
-1,102253
-1,102254
-1,102255
-1,102256
-1,102257
-1,102258
-1,102259
-1,102260
-1,102261
-1,102262
-1,102263
-1,102264
-1,102265
-1,102266
-1,102267
-1,102268
-1,102269
-1,102270
-1,102271
-1,102272
-1,102273
-1,102274
-1,102275
-1,102276
-1,102277
-1,102278
-1,102279
-1,102280
-1,102281
-1,102282
-1,102283
-1,102284
-1,102285
-1,102286
-1,102287
-1,102288
-1,102290
-1,102291
-1,102292
-1,102293
-1,102294
-1,102295
-1,102296
-1,102297
-1,102298
-1,102299
-1,102300
-1,102301
-1,102302
-1,102303
-1,102305
-1,102306
-1,102307
-1,102309
-1,102310
-1,102311
-1,102312
-1,102313
-1,102314
-1,102315
-1,102316
-1,102317
-1,102319
-1,102320
-1,102321
-1,102322
-1,102323
-1,102324
-1,102326
-1,102327
-1,102328
-1,102329
-1,102331
-1,102332
-1,102333
-1,102334
-1,102335
-1,102336
-1,102337
-1,102338
-1,102339
-1,102340
-1,102341
-1,102342
-1,102343
-1,102344
-1,102345
-1,102346
-1,102347
-1,102348
-1,102349
-1,102350
-1,102351
-1,102352
-1,102353
-1,102354
-1,102355
-1,102356
-1,102357
-1,102358
-1,102359
-1,102360
-1,102361
-1,102362
-1,102363
-1,102365
-1,102366
-1,102367
-1,102368
-1,102369
-1,102370
-1,102371
-1,102372
-1,102373
-1,102374
-1,102375
-1,102377
-1,102378
-1,102379
-1,102380
-1,102381
-1,102382
-1,102383
-1,102384
-1,102385
-1,102387
-1,102391
-1,102392
-1,102393
-1,102394
-1,102395
-1,102396
-1,102397
-1,102398
-1,102399
1,1024
-1,102400
-1,102401
-1,102402
-1,102403
-1,102404
-1,102405
-1,102406
-1,102407
-1,102408
-1,102409
-1,102410
-1,102411
-1,102413
-1,102414
-1,102415
-1,102416
-1,102417
-1,102418
-1,102419
-1,102420
-1,102421
-1,102422
-1,102423
-1,102424
-1,102425
-1,102426
-1,102427
-1,102428
-1,102429
-1,102430
-1,102431
-1,102432
-1,102433
-1,102434
-1,102435
-1,102436
-1,102437
-1,102438
-1,102439
-1,102440
-1,102441
-1,102442
-1,102443
-1,102444
-1,102445
-1,102446
-1,102447
-1,102448
-1,102449
-1,102450
-1,102451
-1,102452
-1,102453
-1,102454
-1,102455
-1,102456
-1,102457
-1,102458
-1,102459
-1,102460
-1,102461
-1,102462
-1,102463
-1,102464
-1,102466
-1,102467
-1,102468
-1,102469
-1,102470
-1,102471
-1,102472
-1,102473
-1,102474
-1,102475
-1,102476
-1,102477
-1,102478
-1,102479
-1,102480
-1,102481
-1,102482
-1,102483
-1,102484
-1,102485
-1,102486
-1,102487
-1,102488
-1,102489
-1,102491
-1,102492
-1,102493
-1,102494
-1,102495
-1,102496
-1,102497
-1,102498
-1,102499
1,1025
-1,102500
-1,102501
-1,102502
-1,102503
-1,102504
-1,102505
-1,102506
-1,102507
-1,102508
-1,102509
-1,102510
-1,102511
-1,102512
-1,102513
-1,102514
-1,102515
-1,102516
-1,102517
-1,102518
-1,102519
-1,102520
-1,102521
-1,102522
-1,102523
-1,102524
-1,102525
-1,102526
-1,102527
-1,102528
-1,102529
-1,102530
-1,102531
-1,102534
-1,102535
-1,102536
-1,102537
-1,102538
-1,102539
-1,102540
-1,102541
-1,102542
-1,102543
-1,102544
-1,102545
-1,102546
-1,102547
-1,102548
-1,102549
-1,102550
-1,102551
-1,102552
-1,102553
-1,102554
-1,102555
-1,102558
-1,102559
-1,102560
-1,102561
-1,102562
-1,102563
-1,102564
-1,102565
-1,102566
-1,102568
-1,102569
-1,102570
-1,102571
-1,102573
-1,102574
-1,102575
-1,102576
-1,102577
-1,102578
-1,102579
-1,102580
-1,102581
-1,102582
-1,102583
-1,102584
-1,102586
-1,102587
-1,102588
-1,102589
-1,102590
-1,102591
-1,102592
-1,102593
-1,102594
-1,102595
-1,102596
-1,102597
-1,102598
-1,102599
1,1026
-1,102600
-1,102601
-1,102602
-1,102603
-1,102604
-1,102605
-1,102606
-1,102609
-1,102610
-1,102612
-1,102613
-1,102614
-1,102616
-1,102617
-1,102618
-1,102619
-1,102620
-1,102621
-1,102622
-1,102623
-1,102624
-1,102625
-1,102626
-1,102627
-1,102628
-1,102629
-1,102630
-1,102631
-1,102632
-1,102633
-1,102634
-1,102635
-1,102636
-1,102637
-1,102638
-1,102639
-1,102640
-1,102641
-1,102642
-1,102643
-1,102644
-1,102645
-1,102646
-1,102649
-1,102650
-1,102651
-1,102652
-1,102653
-1,102654
-1,102655
-1,102656
-1,102657
-1,102658
-1,102660
-1,102661
-1,102662
-1,102663
-1,102664
-1,102665
-1,102666
-1,102667
-1,102668
-1,102669
-1,102670
-1,102671
-1,102672
-1,102673
-1,102674
-1,102675
-1,102676
-1,102677
-1,102678
-1,102679
-1,102680
-1,102681
-1,102682
-1,102683
-1,102684
-1,102685
-1,102686
-1,102687
-1,102688
-1,102689
-1,102690
-1,102691
-1,102692
-1,102693
-1,102695
-1,102696
-1,102697
-1,102698
-1,102699
1,1027
-1,102700
-1,102701
-1,102702
-1,102703
-1,102704
-1,102705
-1,102706
-1,102707
-1,102708
-1,102709
-1,102710
-1,102711
-1,102712
-1,102713
-1,102714
-1,102715
-1,102716
-1,102717
-1,102718
-1,102719
-1,102720
-1,102722
-1,102723
-1,102724
-1,102725
-1,102726
-1,102727
-1,102728
-1,102729
-1,102730
-1,102731
-1,102732
-1,102733
-1,102734
-1,102735
-1,102736
-1,102739
-1,102740
-1,102742
-1,102743
-1,102744
-1,102745
-1,102746
-1,102747
-1,102748
-1,102750
-1,102751
-1,102752
-1,102753
-1,102754
-1,102755
-1,102757
-1,102758
-1,102759
-1,102760
-1,102761
-1,102762
-1,102764
-1,102765
-1,102766
-1,102767
-1,102768
-1,102769
-1,102770
-1,102771
-1,102772
-1,102773
-1,102774
-1,102775
-1,102777
-1,102778
-1,102779
-1,102780
-1,102781
-1,102782
-1,102783
-1,102785
-1,102786
-1,102788
-1,102790
-1,102791
-1,102792
-1,102793
-1,102795
-1,102796
-1,102797
-1,102798
-1,102799
1,1028
-1,102801
-1,102802
-1,102803
-1,102804
-1,102805
-1,102806
-1,102807
-1,102808
-1,102809
-1,102810
-1,102811
-1,102812
-1,102813
-1,102814
-1,102815
-1,102816
-1,102817
-1,102818
-1,102819
-1,102821
-1,102822
-1,102823
-1,102824
-1,102826
-1,102827
-1,102828
-1,102829
-1,102830
-1,102832
-1,102833
-1,102834
-1,102835
-1,102836
-1,102837
-1,102838
-1,102840
-1,102841
-1,102842
-1,102844
-1,102845
-1,102846
-1,102847
-1,102848
-1,102849
-1,102851
-1,102852
-1,102853
-1,102854
-1,102855
-1,102856
-1,102857
-1,102858
-1,102859
-1,102860
-1,102861
-1,102862
-1,102863
-1,102864
-1,102865
-1,102866
-1,102867
-1,102869
-1,102870
-1,102871
-1,102872
-1,102873
-1,102874
-1,102875
-1,102878
-1,102879
-1,102880
-1,102881
-1,102882
-1,102883
-1,102884
-1,102885
-1,102886
-1,102887
-1,102888
-1,102889
-1,102890
-1,102891
-1,102892
-1,102893
-1,102894
-1,102895
-1,102896
-1,102897
-1,102899
-1,102900
-1,102901
-1,102902
-1,102903
-1,102904
-1,102905
-1,102906
-1,102907
-1,102908
-1,102909
-1,102910
-1,102911
-1,102912
-1,102913
-1,102914
-1,102915
-1,102916
-1,102917
-1,102918
-1,102919
-1,102920
-1,102921
-1,102922
-1,102923
-1,102924
-1,102925
-1,102926
-1,102927
-1,102928
-1,102929
-1,102930
-1,102931
-1,102932
-1,102933
-1,102935
-1,102936
-1,102937
-1,102938
-1,102939
-1,102940
-1,102941
-1,102942
-1,102943
-1,102944
-1,102947
-1,102948
-1,102949
-1,102950
-1,102951
-1,102952
-1,102953
-1,102954
-1,102955
-1,102956
-1,102958
-1,102960
-1,102961
-1,102962
-1,102963
-1,102964
-1,102967
-1,102968
-1,102971
-1,102972
-1,102973
-1,102974
-1,102975
-1,102976
-1,102978
-1,102979
-1,102980
-1,102981
-1,102982
-1,102983
-1,102984
-1,102985
-1,102986
-1,102987
-1,102988
-1,102989
-1,102990
-1,102991
-1,102992
-1,102993
-1,102994
-1,102995
-1,102996
-1,102998
-1,102999
1,1030
-1,103000
-1,103001
-1,103002
-1,103003
-1,103004
-1,103005
-1,103006
-1,103007
-1,103009
-1,103011
-1,103012
-1,103013
-1,103014
-1,103016
-1,103018
-1,103019
-1,103020
-1,103021
-1,103022
-1,103023
-1,103024
-1,103025
-1,103026
-1,103027
-1,103028
-1,103029
-1,103030
-1,103031
-1,103032
-1,103033
-1,103034
-1,103035
-1,103036
-1,103037
-1,103038
-1,103039
-1,103040
-1,103041
-1,103042
-1,103043
-1,103044
-1,103045
-1,103046
-1,103047
-1,103048
-1,103049
-1,103050
-1,103051
-1,103052
-1,103054
-1,103055
-1,103056
-1,103057
-1,103058
-1,103059
-1,103060
-1,103061
-1,103062
-1,103063
-1,103064
-1,103065
-1,103066
-1,103067
-1,103068
-1,103069
-1,103070
-1,103071
-1,103072
-1,103073
-1,103074
-1,103075
-1,103076
-1,103078
-1,103080
-1,103081
-1,103082
-1,103083
-1,103084
-1,103085
-1,103086
-1,103087
-1,103088
-1,103089
-1,103091
-1,103093
-1,103095
-1,103096
-1,103097
-1,103098
-1,103099
1,1031
-1,103100
-1,103101
-1,103102
-1,103103
-1,103104
-1,103105
-1,103106
-1,103107
-1,103108
-1,103109
-1,103110
-1,103111
-1,103112
-1,103113
-1,103114
-1,103115
-1,103116
-1,103118
-1,103119
-1,103120
-1,103121
-1,103122
-1,103123
-1,103124
-1,103125
-1,103126
-1,103127
-1,103128
-1,103129
-1,103130
-1,103131
-1,103132
-1,103133
-1,103134
-1,103135
-1,103136
-1,103137
-1,103138
-1,103139
-1,103140
-1,103141
-1,103142
-1,103143
-1,103144
-1,103145
-1,103147
-1,103148
-1,103149
-1,103150
-1,103151
-1,103152
-1,103153
-1,103154
-1,103155
-1,103156
-1,103158
-1,103160
-1,103161
-1,103162
-1,103163
-1,103164
-1,103165
-1,103166
-1,103167
-1,103168
-1,103169
-1,103173
-1,103174
-1,103175
-1,103176
-1,103177
-1,103178
-1,103179
-1,103180
-1,103181
-1,103182
-1,103183
-1,103184
-1,103185
-1,103186
-1,103187
-1,103188
-1,103189
-1,103190
-1,103191
-1,103192
-1,103193
-1,103194
-1,103195
-1,103196
-1,103197
-1,103198
-1,103199
1,1032
-1,103200
-1,103201
-1,103202
-1,103203
-1,103205
-1,103206
-1,103207
-1,103208
-1,103209
-1,103210
-1,103211
-1,103212
-1,103213
-1,103215
-1,103216
-1,103217
-1,103218
-1,103219
-1,103220
-1,103221
-1,103222
-1,103223
-1,103224
-1,103225
-1,103226
-1,103227
-1,103228
-1,103229
-1,103230
-1,103231
-1,103232
-1,103233
-1,103234
-1,103235
-1,103236
-1,103237
-1,103238
-1,103239
-1,103240
-1,103241
-1,103242
-1,103244
-1,103245
-1,103246
-1,103247
-1,103248
-1,103249
-1,103250
-1,103251
-1,103252
-1,103253
-1,103254
-1,103255
-1,103256
-1,103257
-1,103259
-1,103260
-1,103261
-1,103262
-1,103263
-1,103264
-1,103265
-1,103266
-1,103267
-1,103268
-1,103269
-1,103270
-1,103271
-1,103272
-1,103273
-1,103275
-1,103276
-1,103277
-1,103278
-1,103279
-1,103280
-1,103281
-1,103282
-1,103283
-1,103284
-1,103285
-1,103286
-1,103287
-1,103288
-1,103289
-1,103290
-1,103291
-1,103292
-1,103293
-1,103294
-1,103295
-1,103296
-1,103297
-1,103298
-1,103299
1,1033
-1,103300
-1,103301
-1,103302
-1,103303
-1,103304
-1,103305
-1,103306
-1,103307
-1,103309
-1,103310
-1,103311
-1,103312
-1,103313
-1,103314
-1,103315
-1,103316
-1,103317
-1,103318
-1,103319
-1,103320
-1,103321
-1,103322
-1,103323
-1,103324
-1,103325
-1,103326
-1,103327
-1,103328
-1,103329
-1,103330
-1,103332
-1,103333
-1,103334
-1,103336
-1,103337
-1,103338
-1,103339
-1,103340
-1,103341
-1,103342
-1,103343
-1,103344
-1,103345
-1,103346
-1,103347
-1,103348
-1,103349
-1,103350
-1,103351
-1,103352
-1,103353
-1,103354
-1,103355
-1,103356
-1,103357
-1,103358
-1,103360
-1,103361
-1,103362
-1,103363
-1,103364
-1,103365
-1,103366
-1,103367
-1,103368
-1,103369
-1,103370
-1,103371
-1,103372
-1,103374
-1,103375
-1,103376
-1,103378
-1,103379
-1,103380
-1,103381
-1,103383
-1,103384
-1,103385
-1,103386
-1,103387
-1,103388
-1,103389
-1,103390
-1,103391
-1,103392
-1,103393
-1,103394
-1,103395
-1,103396
-1,103397
-1,103398
-1,103399
1,1034
-1,103400
-1,103401
-1,103402
-1,103403
-1,103404
-1,103405
-1,103406
-1,103407
-1,103408
-1,103409
-1,103410
-1,103411
-1,103412
-1,103413
-1,103414
-1,103415
-1,103416
-1,103418
-1,103419
-1,103420
-1,103421
-1,103422
-1,103423
-1,103424
-1,103427
-1,103428
-1,103429
-1,103430
-1,103431
-1,103432
-1,103433
-1,103435
-1,103436
-1,103437
-1,103438
-1,103439
-1,103440
-1,103441
-1,103442
-1,103443
-1,103444
-1,103445
-1,103446
-1,103447
-1,103448
-1,103450
-1,103451
-1,103452
-1,103453
-1,103454
-1,103455
-1,103456
-1,103457
-1,103458
-1,103459
-1,103460
-1,103461
-1,103462
-1,103463
-1,103464
-1,103465
-1,103466
-1,103468
-1,103469
-1,103470
-1,103472
-1,103474
-1,103475
-1,103476
-1,103477
-1,103478
-1,103479
-1,103480
-1,103482
-1,103483
-1,103484
-1,103485
-1,103486
-1,103487
-1,103488
-1,103490
-1,103491
-1,103492
-1,103493
-1,103494
-1,103495
-1,103496
-1,103497
-1,103499
-1,103500
-1,103501
-1,103502
-1,103503
-1,103504
-1,103505
-1,103506
-1,103507
-1,103508
-1,103510
-1,103511
-1,103512
-1,103513
-1,103514
-1,103515
-1,103516
-1,103517
-1,103518
-1,103519
-1,103520
-1,103521
-1,103522
-1,103523
-1,103524
-1,103525
-1,103526
-1,103527
-1,103528
-1,103529
-1,103530
-1,103531
-1,103532
-1,103534
-1,103535
-1,103536
-1,103537
-1,103538
-1,103539
-1,103540
-1,103541
-1,103542
-1,103543
-1,103544
-1,103546
-1,103547
-1,103549
-1,103550
-1,103551
-1,103552
-1,103553
-1,103554
-1,103555
-1,103556
-1,103557
-1,103558
-1,103560
-1,103562
-1,103563
-1,103564
-1,103566
-1,103567
-1,103568
-1,103569
-1,103572
-1,103573
-1,103575
-1,103576
-1,103577
-1,103578
-1,103579
-1,103580
-1,103581
-1,103582
-1,103583
-1,103584
-1,103585
-1,103587
-1,103588
-1,103589
-1,103590
-1,103591
-1,103592
-1,103594
-1,103595
-1,103596
-1,103597
-1,103598
-1,103599
1,1036
-1,103600
-1,103601
-1,103602
-1,103603
-1,103604
-1,103605
-1,103606
-1,103607
-1,103608
-1,103609
-1,103610
-1,103611
-1,103612
-1,103614
-1,103615
-1,103616
-1,103617
-1,103619
-1,103620
-1,103621
-1,103622
-1,103623
-1,103624
-1,103625
-1,103626
-1,103627
-1,103628
-1,103629
-1,103630
-1,103631
-1,103632
-1,103633
-1,103634
-1,103635
-1,103636
-1,103637
-1,103638
-1,103640
-1,103641
-1,103642
-1,103643
-1,103644
-1,103645
-1,103646
-1,103647
-1,103648
-1,103649
-1,103650
-1,103651
-1,103652
-1,103653
-1,103654
-1,103655
-1,103656
-1,103657
-1,103658
-1,103659
-1,103660
-1,103661
-1,103662
-1,103663
-1,103664
-1,103665
-1,103666
-1,103667
-1,103668
-1,103669
-1,103670
-1,103671
-1,103672
-1,103674
-1,103675
-1,103676
-1,103677
-1,103678
-1,103679
-1,103680
-1,103681
-1,103682
-1,103683
-1,103684
-1,103685
-1,103686
-1,103687
-1,103688
-1,103689
-1,103690
-1,103691
-1,103692
-1,103693
-1,103694
-1,103695
-1,103696
-1,103697
-1,103699
1,1037
-1,103700
-1,103701
-1,103702
-1,103703
-1,103704
-1,103705
-1,103706
-1,103707
-1,103708
-1,103709
-1,103710
-1,103711
-1,103712
-1,103713
-1,103714
-1,103715
-1,103716
-1,103717
-1,103718
-1,103719
-1,103720
-1,103721
-1,103722
-1,103723
-1,103724
-1,103725
-1,103726
-1,103727
-1,103728
-1,103729
-1,103730
-1,103731
-1,103732
-1,103733
-1,103734
-1,103735
-1,103736
-1,103737
-1,103738
-1,103739
-1,103740
-1,103741
-1,103742
-1,103743
-1,103744
-1,103745
-1,103746
-1,103747
-1,103748
-1,103749
-1,103750
-1,103751
-1,103752
-1,103753
-1,103754
-1,103755
-1,103756
-1,103757
-1,103758
-1,103759
-1,103760
-1,103761
-1,103762
-1,103763
-1,103764
-1,103765
-1,103766
-1,103767
-1,103768
-1,103769
-1,103770
-1,103771
-1,103773
-1,103774
-1,103775
-1,103776
-1,103777
-1,103778
-1,103779
-1,103780
-1,103782
-1,103783
-1,103784
-1,103785
-1,103786
-1,103787
-1,103788
-1,103789
-1,103790
-1,103792
-1,103793
-1,103794
-1,103795
-1,103796
-1,103797
-1,103798
-1,103799
1,1038
-1,103800
-1,103801
-1,103802
-1,103803
-1,103804
-1,103805
-1,103807
-1,103808
-1,103809
-1,103810
-1,103811
-1,103812
-1,103813
-1,103814
-1,103815
-1,103816
-1,103817
-1,103818
-1,103819
-1,103821
-1,103822
-1,103823
-1,103824
-1,103825
-1,103826
-1,103827
-1,103828
-1,103829
-1,103831
-1,103832
-1,103833
-1,103834
-1,103835
-1,103836
-1,103837
-1,103838
-1,103839
-1,103840
-1,103841
-1,103842
-1,103843
-1,103844
-1,103845
-1,103846
-1,103847
-1,103848
-1,103849
-1,103850
-1,103851
-1,103852
-1,103853
-1,103854
-1,103855
-1,103856
-1,103857
-1,103858
-1,103859
-1,103860
-1,103861
-1,103862
-1,103863
-1,103864
-1,103865
-1,103866
-1,103867
-1,103868
-1,103869
-1,103870
-1,103871
-1,103872
-1,103873
-1,103874
-1,103875
-1,103876
-1,103877
-1,103878
-1,103879
-1,103880
-1,103881
-1,103883
-1,103884
-1,103885
-1,103886
-1,103887
-1,103888
-1,103889
-1,103890
-1,103892
-1,103893
-1,103894
-1,103895
-1,103896
-1,103898
-1,103899
-1,103900
-1,103902
-1,103903
-1,103904
-1,103905
-1,103906
-1,103907
-1,103908
-1,103909
-1,103910
-1,103911
-1,103912
-1,103913
-1,103914
-1,103915
-1,103916
-1,103917
-1,103918
-1,103920
-1,103921
-1,103922
-1,103923
-1,103924
-1,103925
-1,103926
-1,103927
-1,103928
-1,103929
-1,103930
-1,103931
-1,103932
-1,103933
-1,103934
-1,103935
-1,103936
-1,103937
-1,103938
-1,103939
-1,103940
-1,103941
-1,103942
-1,103943
-1,103944
-1,103945
-1,103946
-1,103948
-1,103949
-1,103950
-1,103953
-1,103954
-1,103955
-1,103956
-1,103957
-1,103958
-1,103959
-1,103960
-1,103961
-1,103963
-1,103964
-1,103965
-1,103966
-1,103967
-1,103968
-1,103970
-1,103971
-1,103972
-1,103973
-1,103974
-1,103975
-1,103976
-1,103977
-1,103978
-1,103979
-1,103980
-1,103981
-1,103982
-1,103983
-1,103984
-1,103986
-1,103987
-1,103988
-1,103989
-1,103990
-1,103991
-1,103992
-1,103993
-1,103994
-1,103995
-1,103996
-1,103997
-1,103998
-1,103999
1,1040
-1,104000
-1,104001
-1,104002
-1,104003
-1,104004
-1,104005
-1,104006
-1,104007
-1,104008
-1,104009
-1,104010
-1,104011
-1,104012
-1,104013
-1,104014
-1,104015
-1,104016
-1,104017
-1,104018
-1,104019
-1,104020
-1,104021
-1,104022
-1,104023
-1,104024
-1,104025
-1,104027
-1,104028
-1,104029
-1,104030
-1,104031
-1,104032
-1,104033
-1,104034
-1,104035
-1,104036
-1,104037
-1,104038
-1,104039
-1,104040
-1,104042
-1,104043
-1,104044
-1,104045
-1,104046
-1,104047
-1,104048
-1,104049
-1,104050
-1,104051
-1,104052
-1,104053
-1,104054
-1,104055
-1,104056
-1,104057
-1,104059
-1,104060
-1,104061
-1,104062
-1,104063
-1,104064
-1,104065
-1,104066
-1,104067
-1,104068
-1,104069
-1,104070
-1,104071
-1,104072
-1,104074
-1,104075
-1,104076
-1,104077
-1,104078
-1,104079
-1,104080
-1,104081
-1,104082
-1,104083
-1,104084
-1,104085
-1,104086
-1,104087
-1,104088
-1,104089
-1,104090
-1,104091
-1,104092
-1,104093
-1,104094
-1,104095
-1,104097
-1,104098
-1,104099
1,1041
-1,104100
-1,104101
-1,104102
-1,104103
-1,104105
-1,104106
-1,104107
-1,104108
-1,104110
-1,104111
-1,104112
-1,104113
-1,104114
-1,104116
-1,104117
-1,104118
-1,104119
-1,104120
-1,104121
-1,104122
-1,104123
-1,104124
-1,104125
-1,104126
-1,104127
-1,104128
-1,104129
-1,104130
-1,104131
-1,104132
-1,104133
-1,104134
-1,104135
-1,104136
-1,104137
-1,104138
-1,104139
-1,104140
-1,104141
-1,104142
-1,104143
-1,104146
-1,104147
-1,104148
-1,104149
-1,104150
-1,104151
-1,104152
-1,104153
-1,104154
-1,104155
-1,104156
-1,104158
-1,104159
-1,104160
-1,104161
-1,104162
-1,104163
-1,104164
-1,104166
-1,104167
-1,104168
-1,104169
-1,104170
-1,104171
-1,104172
-1,104173
-1,104174
-1,104175
-1,104176
-1,104177
-1,104178
-1,104179
-1,104180
-1,104181
-1,104182
-1,104183
-1,104184
-1,104186
-1,104188
-1,104189
-1,104190
-1,104191
-1,104192
-1,104193
-1,104194
-1,104196
-1,104197
-1,104198
-1,104199
-1,104200
-1,104201
-1,104202
-1,104203
-1,104204
-1,104206
-1,104207
-1,104208
-1,104209
-1,104210
-1,104211
-1,104212
-1,104213
-1,104214
-1,104215
-1,104216
-1,104217
-1,104218
-1,104219
-1,104220
-1,104221
-1,104222
-1,104223
-1,104224
-1,104225
-1,104226
-1,104227
-1,104228
-1,104229
-1,104230
-1,104232
-1,104233
-1,104234
-1,104235
-1,104236
-1,104237
-1,104238
-1,104239
-1,104241
-1,104242
-1,104243
-1,104244
-1,104245
-1,104246
-1,104247
-1,104249
-1,104250
-1,104251
-1,104252
-1,104253
-1,104254
-1,104255
-1,104257
-1,104258
-1,104259
-1,104260
-1,104261
-1,104262
-1,104263
-1,104264
-1,104265
-1,104266
-1,104267
-1,104268
-1,104269
-1,104270
-1,104271
-1,104272
-1,104273
-1,104274
-1,104275
-1,104276
-1,104277
-1,104278
-1,104279
-1,104280
-1,104281
-1,104282
-1,104283
-1,104284
-1,104285
-1,104287
-1,104289
-1,104290
-1,104291
-1,104292
-1,104294
-1,104295
-1,104296
-1,104297
-1,104298
1,1043
-1,104300
-1,104301
-1,104302
-1,104303
-1,104304
-1,104305
-1,104306
-1,104307
-1,104308
-1,104309
-1,104310
-1,104311
-1,104312
-1,104313
-1,104314
-1,104315
-1,104316
-1,104317
-1,104318
-1,104319
-1,104320
-1,104321
-1,104322
-1,104323
-1,104324
-1,104325
-1,104327
-1,104328
-1,104329
-1,104330
-1,104331
-1,104332
-1,104334
-1,104335
-1,104336
-1,104337
-1,104338
-1,104339
-1,104340
-1,104341
-1,104342
-1,104343
-1,104344
-1,104345
-1,104346
-1,104347
-1,104348
-1,104349
-1,104350
-1,104351
-1,104352
-1,104353
-1,104354
-1,104356
-1,104357
-1,104358
-1,104359
-1,104360
-1,104361
-1,104362
-1,104363
-1,104364
-1,104365
-1,104366
-1,104367
-1,104368
-1,104369
-1,104370
-1,104371
-1,104372
-1,104373
-1,104374
-1,104376
-1,104377
-1,104379
-1,104380
-1,104381
-1,104382
-1,104383
-1,104384
-1,104385
-1,104386
-1,104387
-1,104389
-1,104390
-1,104391
-1,104392
-1,104393
-1,104394
-1,104395
-1,104396
-1,104397
-1,104398
-1,104399
-1,104400
-1,104401
-1,104402
-1,104403
-1,104404
-1,104405
-1,104406
-1,104407
-1,104409
-1,104410
-1,104411
-1,104412
-1,104413
-1,104414
-1,104415
-1,104416
-1,104417
-1,104418
-1,104419
-1,104420
-1,104421
-1,104422
-1,104423
-1,104424
-1,104425
-1,104426
-1,104427
-1,104428
-1,104429
-1,104430
-1,104431
-1,104432
-1,104433
-1,104435
-1,104436
-1,104438
-1,104439
-1,104440
-1,104441
-1,104442
-1,104443
-1,104444
-1,104445
-1,104447
-1,104448
-1,104449
-1,104450
-1,104452
-1,104453
-1,104454
-1,104455
-1,104457
-1,104459
-1,104460
-1,104461
-1,104462
-1,104463
-1,104464
-1,104465
-1,104466
-1,104467
-1,104468
-1,104469
-1,104470
-1,104471
-1,104472
-1,104473
-1,104474
-1,104475
-1,104476
-1,104477
-1,104478
-1,104479
-1,104480
-1,104482
-1,104483
-1,104484
-1,104485
-1,104486
-1,104487
-1,104488
-1,104489
-1,104490
-1,104491
-1,104492
-1,104493
-1,104494
-1,104495
-1,104496
-1,104497
-1,104498
-1,104499
1,1045
-1,104500
-1,104501
-1,104502
-1,104504
-1,104505
-1,104506
-1,104507
-1,104508
-1,104509
-1,104510
-1,104511
-1,104512
-1,104513
-1,104514
-1,104515
-1,104516
-1,104518
-1,104519
-1,104520
-1,104521
-1,104522
-1,104523
-1,104524
-1,104525
-1,104526
-1,104527
-1,104528
-1,104529
-1,104530
-1,104531
-1,104532
-1,104533
-1,104534
-1,104535
-1,104536
-1,104537
-1,104539
-1,104540
-1,104541
-1,104543
-1,104544
-1,104545
-1,104546
-1,104547
-1,104548
-1,104549
-1,104550
-1,104551
-1,104552
-1,104553
-1,104554
-1,104555
-1,104556
-1,104557
-1,104558
-1,104559
-1,104560
-1,104561
-1,104562
-1,104563
-1,104564
-1,104565
-1,104566
-1,104567
-1,104568
-1,104569
-1,104570
-1,104571
-1,104572
-1,104573
-1,104574
-1,104575
-1,104576
-1,104577
-1,104578
-1,104579
-1,104580
-1,104581
-1,104582
-1,104583
-1,104584
-1,104585
-1,104586
-1,104587
-1,104588
-1,104589
-1,104590
-1,104591
-1,104592
-1,104593
-1,104594
-1,104595
-1,104596
-1,104597
-1,104598
-1,104599
1,1046
-1,104600
-1,104601
-1,104602
-1,104603
-1,104604
-1,104605
-1,104606
-1,104607
-1,104608
-1,104609
-1,104610
-1,104611
-1,104612
-1,104613
-1,104614
-1,104616
-1,104617
-1,104618
-1,104619
-1,104620
-1,104621
-1,104622
-1,104623
-1,104624
-1,104625
-1,104626
-1,104628
-1,104629
-1,104630
-1,104631
-1,104632
-1,104633
-1,104635
-1,104636
-1,104637
-1,104638
-1,104639
-1,104640
-1,104641
-1,104642
-1,104643
-1,104644
-1,104645
-1,104647
-1,104648
-1,104649
-1,104650
-1,104651
-1,104653
-1,104654
-1,104655
-1,104656
-1,104657
-1,104658
-1,104659
-1,104660
-1,104661
-1,104662
-1,104663
-1,104664
-1,104665
-1,104667
-1,104668
-1,104670
-1,104671
-1,104672
-1,104673
-1,104674
-1,104675
-1,104676
-1,104677
-1,104678
-1,104680
-1,104681
-1,104682
-1,104683
-1,104684
-1,104686
-1,104687
-1,104688
-1,104689
-1,104690
-1,104691
-1,104692
-1,104693
-1,104694
-1,104695
-1,104696
-1,104697
-1,104698
-1,104699
1,1047
-1,104700
-1,104701
-1,104702
-1,104703
-1,104704
-1,104705
-1,104706
-1,104707
-1,104708
-1,104709
-1,104710
-1,104711
-1,104712
-1,104713
-1,104714
-1,104715
-1,104717
-1,104718
-1,104719
-1,104720
-1,104721
-1,104722
-1,104723
-1,104724
-1,104725
-1,104726
-1,104727
-1,104728
-1,104729
-1,104730
-1,104731
-1,104732
-1,104733
-1,104734
-1,104735
-1,104737
-1,104738
-1,104739
-1,104740
-1,104741
-1,104742
-1,104743
-1,104744
-1,104745
-1,104746
-1,104747
-1,104749
-1,104750
-1,104751
-1,104752
-1,104753
-1,104754
-1,104755
-1,104756
-1,104757
-1,104759
-1,104760
-1,104761
-1,104762
-1,104763
-1,104764
-1,104765
-1,104766
-1,104767
-1,104768
-1,104769
-1,104770
-1,104771
-1,104772
-1,104773
-1,104774
-1,104775
-1,104776
-1,104777
-1,104778
-1,104779
-1,104780
-1,104781
-1,104782
-1,104783
-1,104784
-1,104785
-1,104786
-1,104787
-1,104789
-1,104790
-1,104791
-1,104792
-1,104793
-1,104794
-1,104795
-1,104796
-1,104797
-1,104798
-1,104799
-1,104800
-1,104801
-1,104802
-1,104803
-1,104804
-1,104805
-1,104807
-1,104808
-1,104809
-1,104810
-1,104811
-1,104812
-1,104813
-1,104814
-1,104815
-1,104816
-1,104817
-1,104818
-1,104819
-1,104820
-1,104821
-1,104822
-1,104823
-1,104824
-1,104825
-1,104826
-1,104827
-1,104828
-1,104829
-1,104831
-1,104832
-1,104833
-1,104834
-1,104835
-1,104836
-1,104837
-1,104838
-1,104839
-1,104840
-1,104841
-1,104843
-1,104844
-1,104846
-1,104847
-1,104848
-1,104849
-1,104850
-1,104851
-1,104852
-1,104853
-1,104855
-1,104856
-1,104857
-1,104858
-1,104859
-1,104860
-1,104861
-1,104862
-1,104863
-1,104864
-1,104865
-1,104866
-1,104867
-1,104868
-1,104869
-1,104870
-1,104872
-1,104873
-1,104874
-1,104875
-1,104877
-1,104879
-1,104880
-1,104881
-1,104882
-1,104883
-1,104884
-1,104885
-1,104886
-1,104887
-1,104888
-1,104889
-1,104890
-1,104891
-1,104892
-1,104893
-1,104894
-1,104895
-1,104896
-1,104897
-1,104898
-1,104899
-1,104900
-1,104901
-1,104902
-1,104903
-1,104904
-1,104905
-1,104906
-1,104907
-1,104908
-1,104909
-1,104912
-1,104913
-1,104914
-1,104915
-1,104916
-1,104917
-1,104918
-1,104920
-1,104921
-1,104922
-1,104923
-1,104924
-1,104927
-1,104928
-1,104929
-1,104930
-1,104931
-1,104932
-1,104933
-1,104934
-1,104935
-1,104936
-1,104937
-1,104938
-1,104939
-1,104940
-1,104941
-1,104942
-1,104943
-1,104944
-1,104945
-1,104946
-1,104947
-1,104948
-1,104949
-1,104950
-1,104951
-1,104952
-1,104953
-1,104954
-1,104955
-1,104956
-1,104957
-1,104958
-1,104959
-1,104960
-1,104961
-1,104962
-1,104963
-1,104964
-1,104966
-1,104967
-1,104969
-1,104970
-1,104971
-1,104972
-1,104973
-1,104974
-1,104975
-1,104976
-1,104977
-1,104979
-1,104980
-1,104981
-1,104982
-1,104983
-1,104984
-1,104985
-1,104988
-1,104989
-1,104990
-1,104992
-1,104993
-1,104995
-1,104996
-1,104997
-1,104998
-1,104999
1,1050
-1,105000
-1,105001
-1,105002
-1,105003
-1,105004
-1,105005
-1,105006
-1,105007
-1,105008
-1,105009
-1,105010
-1,105011
-1,105012
-1,105013
-1,105014
-1,105015
-1,105016
-1,105017
-1,105018
-1,105019
-1,105020
-1,105021
-1,105023
-1,105024
-1,105025
-1,105026
-1,105027
-1,105028
-1,105029
-1,105030
-1,105031
-1,105032
-1,105033
-1,105034
-1,105035
-1,105036
-1,105037
-1,105039
-1,105040
-1,105041
-1,105042
-1,105044
-1,105045
-1,105046
-1,105047
-1,105048
-1,105049
-1,105050
-1,105051
-1,105052
-1,105053
-1,105054
-1,105055
-1,105056
-1,105057
-1,105058
-1,105059
-1,105060
-1,105061
-1,105062
-1,105064
-1,105065
-1,105066
-1,105067
-1,105068
-1,105069
-1,105070
-1,105071
-1,105072
-1,105073
-1,105074
-1,105075
-1,105076
-1,105077
-1,105078
-1,105080
-1,105081
-1,105082
-1,105083
-1,105084
-1,105086
-1,105087
-1,105088
-1,105089
-1,105090
-1,105092
-1,105093
-1,105094
-1,105095
-1,105096
-1,105097
-1,105098
1,1051
-1,105100
-1,105101
-1,105102
-1,105103
-1,105104
-1,105105
-1,105106
-1,105108
-1,105109
-1,105110
-1,105111
-1,105112
-1,105113
-1,105114
-1,105115
-1,105116
-1,105117
-1,105119
-1,105120
-1,105121
-1,105122
1,1052
1,1054
1,1055
1,1056
1,1058
1,1060
1,1061
1,1062
1,1063
1,1064
1,1065
1,1067
1,1068
1,1069
1,1070
1,1072
1,1074
1,1076
1,1077
1,1078
1,1079
1,1080
1,1081
1,1083
1,1084
1,1085
1,1086
1,1087
1,1089
1,1090
1,1091
1,1093
1,1095
1,1098
1,1099
1,1100
1,1102
1,1103
1,1105
1,1107
1,1109
1,1111
1,1112
1,1113
1,1114
1,1116
1,1117
1,1118
1,1119
1,1120
1,1121
1,1123
1,1124
1,1126
1,1127
1,1128
1,1129
1,1130
1,1132
1,1133
1,1134
1,1135
1,1136
1,1137
1,1138
1,1139
1,1140
1,1141
1,1142
1,1145
1,1146
1,1147
1,1148
1,1150
1,1151
1,1152
1,1153
1,1154
1,1155
1,1156
1,1157
1,1158
1,1160
1,1161
1,1162
1,1163
1,1164
1,1165
1,1166
1,1167
1,1168
1,1170
1,1172
1,1173
1,1174
1,1175
1,1176
1,1177
1,1180
1,1181
1,1182
1,1184
1,1185
1,1186
1,1187
1,1188
1,1189
1,1190
1,1191
1,1192
1,1194
1,1195
1,1196
1,1197
1,1198
1,1199
1,1200
1,1201
1,1204
1,1206
1,1207
1,1208
1,1209
1,1210
1,1211
1,1212
1,1213
1,1214
1,1215
1,1216
1,1218
1,1219
1,1220
1,1221
1,1222
1,1225
1,1226
1,1227
1,1228
1,1229
1,1231
1,1232
1,1233
1,1235
1,1236
1,1237
1,1238
1,1241
1,1242
1,1243
1,1244
1,1245
1,1246
1,1247
1,1248
1,1249
1,1250
1,1252
1,1253
1,1254
1,1255
1,1256
1,1257
1,1258
1,1259
1,1260
1,1261
1,1262
1,1264
1,1265
1,1267
1,1268
1,1269
1,1271
1,1272
1,1273
1,1275
1,1276
1,1277
1,1278
1,1279
1,1280
1,1281
1,1282
1,1284
1,1286
1,1287
1,1288
1,1289
1,1290
1,1292
1,1293
1,1294
1,1295
1,1296
1,1297
1,1299
1,1300
1,1301
1,1302
1,1303
1,1304
1,1305
1,1306
1,1307
1,1308
1,1309
1,1311
1,1313
1,1314
1,1317
1,1318
1,1319
1,1320
1,1321
1,1322
1,1324
1,1325
1,1326
1,1327
1,1330
1,1331
1,1332
1,1333
1,1334
1,1335
1,1336
1,1337
1,1338
1,1340
1,1343
1,1344
1,1347
1,1348
1,1349
1,1350
1,1351
1,1352
1,1353
1,1354
1,1355
1,1356
1,1358
1,1359
1,1360
1,1361
1,1362
1,1364
1,1367
1,1368
1,1369
1,1370
1,1371
1,1372
1,1374
1,1375
1,1376
1,1377
1,1378
1,1380
1,1381
1,1382
1,1383
1,1384
1,1385
1,1386
1,1387
1,1388
1,1390
1,1391
1,1392
1,1393
1,1394
1,1395
1,1396
1,1397
1,1400
1,1401
1,1402
1,1403
1,1406
1,1407
1,1408
1,1409
1,1410
1,1411
1,1412
1,1415
1,1416
1,1417
1,1418
1,1419
1,1422
1,1423
1,1427
1,1428
1,1429
1,1432
1,1433
1,1434
1,1435
1,1436
1,1437
1,1438
1,1440
1,1441
1,1442
1,1443
1,1444
1,1445
1,1446
1,1447
1,1449
1,1452
1,1453
1,1455
1,1456
1,1457
1,1459
1,1460
1,1461
1,1462
1,1463
1,1464
1,1465
1,1466
1,1467
1,1468
1,1469
1,1470
1,1471
1,1472
1,1473
1,1474
1,1475
1,1476
1,1477
1,1478
1,1479
1,1480
1,1481
1,1482
1,1483
1,1486
1,1487
1,1489
1,1490
1,1491
1,1493
1,1494
1,1495
1,1496
1,1498
1,1499
1,1500
1,1501
1,1502
1,1503
1,1504
1,1505
1,1506
1,1507
1,1508
1,1510
1,1511
1,1514
1,1515
1,1516
1,1517
1,1518
1,1519
1,1520
1,1522
1,1523
1,1525
1,1526
1,1528
1,1530
1,1531
1,1532
1,1533
1,1534
1,1535
1,1536
1,1537
1,1538
1,1539
1,1540
1,1542
1,1543
1,1545
1,1546
1,1547
1,1549
1,1551
1,1552
1,1553
1,1554
1,1555
1,1556
1,1558
1,1559
1,1560
1,1561
1,1562
1,1563
1,1564
1,1565
1,1566
1,1567
1,1568
1,1569
1,1570
1,1571
1,1572
1,1574
1,1575
1,1577
1,1579
1,1580
1,1581
1,1582
1,1583
1,1584
1,1585
1,1586
1,1587
1,1588
1,1589
1,1590
1,1591
1,1592
1,1593
1,1595
1,1596
1,1597
1,1598
1,1599
1,1600
1,1601
1,1602
1,1604
1,1605
1,1606
1,1607
1,1608
1,1609
1,1610
1,1611
1,1612
1,1614
1,1615
1,1616
1,1617
1,1618
1,1619
1,1620
1,1623
1,1624
1,1626
1,1627
1,1628
1,1629
1,1630
1,1631
1,1632
1,1633
1,1634
1,1635
1,1637
1,1638
1,1639
1,1640
1,1641
1,1642
1,1643
1,1644
1,1645
1,1646
1,1647
1,1648
1,1649
1,1650
1,1651
1,1652
1,1653
1,1654
1,1655
1,1656
1,1657
1,1658
1,1659
1,1660
1,1662
1,1663
1,1664
1,1665
1,1666
1,1667
1,1668
1,1669
1,1670
1,1672
1,1673
1,1675
1,1676
1,1677
1,1678
1,1679
1,1680
1,1681
1,1682
1,1683
1,1684
1,1685
1,1686
1,1687
1,1688
1,1689
1,1690
1,1691
1,1693
1,1694
1,1695
1,1696
1,1697
1,1698
1,1700
1,1701
1,1703
1,1704
1,1706
1,1707
1,1708
1,1709
1,1710
1,1711
1,1712
1,1713
1,1714
1,1715
1,1716
1,1717
1,1718
1,1719
1,1720
1,1721
1,1722
1,1723
1,1725
1,1726
1,1727
1,1731
1,1732
1,1733
1,1734
1,1736
1,1739
1,1740
1,1741
1,1742
1,1743
1,1744
1,1746
1,1748
1,1749
1,1750
1,1752
1,1753
1,1754
1,1755
1,1756
1,1757
1,1759
1,1760
1,1761
1,1763
1,1764
1,1765
1,1766
1,1767
1,1768
1,1769
1,1771
1,1772
1,1774
1,1777
1,1778
1,1779
1,1781
1,1782
1,1783
1,1784
1,1785
1,1786
1,1787
1,1788
1,1789
1,1791
1,1792
1,1794
1,1795
1,1796
1,1797
1,1798
1,1799
1,1800
1,1801
1,1802
1,1803
1,1806
1,1807
1,1808
1,1809
1,1812
1,1813
1,1814
1,1815
1,1816
1,1817
1,1818
1,1819
1,1821
1,1822
1,1823
1,1825
1,1826
1,1827
1,1828
1,1829
1,1831
1,1833
1,1834
1,1835
1,1837
1,1839
1,1840
1,1841
1,1842
1,1843
1,1844
1,1846
1,1847
1,1849
1,1850
1,1851
1,1852
1,1853
1,1854
1,1855
1,1856
1,1857
1,1858
1,1859
1,1861
1,1863
1,1864
1,1865
1,1867
1,1868
1,1870
1,1871
1,1872
1,1873
1,1874
1,1875
1,1876
1,1877
1,1878
1,1880
1,1881
1,1882
1,1884
1,1885
1,1886
1,1887
1,1888
1,1890
1,1891
1,1892
1,1893
1,1894
1,1895
1,1897
1,1898
1,1899
1,1900
1,1901
1,1902
1,1903
1,1904
1,1905
1,1907
1,1908
1,1909
1,1910
1,1911
1,1912
1,1913
1,1914
1,1915
1,1916
1,1918
1,1919
1,1920
1,1922
1,1923
1,1924
1,1925
1,1926
1,1927
1,1928
1,1929
1,1930
1,1931
1,1932
1,1933
1,1934
1,1936
1,1937
1,1938
1,1939
1,1940
1,1942
1,1943
1,1944
1,1945
1,1947
1,1948
1,1949
1,1951
1,1952
1,1953
1,1954
1,1956
1,1957
1,1959
1,1961
1,1962
1,1963
1,1964
1,1965
1,1966
1,1967
1,1968
1,1969
1,1970
1,1971
1,1973
1,1974
1,1975
1,1976
1,1978
1,1979
1,1981
1,1982
1,1983
1,1985
1,1987
1,1988
1,1989
1,1990
1,1991
1,1992
1,1993
1,1994
1,1996
1,1997
1,1998
1,2001
1,2002
1,2003
1,2004
1,2005
1,2006
1,2007
1,2008
1,2009
1,2010
1,2011
1,2012
1,2013
1,2014
1,2015
1,2016
1,2017
1,2018
1,2019
1,2020
1,2021
1,2022
1,2023
1,2024
1,2025
1,2026
1,2027
1,2028
1,2029
1,2030
1,2031
1,2032
1,2033
1,2034
1,2035
1,2036
1,2037
1,2038
1,2039
1,2040
1,2041
1,2042
1,2043
1,2044
1,2045
1,2046
1,2047
1,2048
1,2049
1,2050
1,2051
1,2052
1,2054
1,2055
1,2056
1,2057
1,2058
1,2061
1,2062
1,2063
1,2064
1,2065
1,2066
1,2067
1,2068
1,2069
1,2071
1,2072
1,2073
1,2074
1,2075
1,2076
1,2077
1,2078
1,2079
1,2080
1,2081
1,2082
1,2083
1,2084
1,2085
1,2086
1,2087
1,2088
1,2089
1,2090
1,2091
1,2092
1,2093
1,2094
1,2095
1,2096
1,2097
1,2098
1,2099
1,2100
1,2101
1,2102
1,2103
1,2104
1,2105
1,2106
1,2107
1,2108
1,2110
1,2111
1,2112
1,2113
1,2114
1,2115
1,2116
1,2117
1,2118
1,2119
1,2120
1,2121
1,2122
1,2123
1,2124
1,2125
1,2126
1,2127
1,2128
1,2129
1,2130
1,2131
1,2132
1,2133
1,2134
1,2135
1,2136
1,2137
1,2138
1,2139
1,2140
1,2141
1,2142
1,2143
1,2144
1,2145
1,2146
1,2147
1,2148
1,2149
1,2150
1,2151
1,2152
1,2153
1,2154
1,2155
1,2156
1,2157
1,2158
1,2159
1,2160
1,2161
1,2162
1,2163
1,2165
1,2166
1,2167
1,2168
1,2169
1,2170
1,2171
1,2172
1,2173
1,2174
1,2176
1,2177
1,2178
1,2179
1,2180
1,2181
1,2182
1,2183
1,2184
1,2185
1,2186
1,2187
1,2188
1,2189
1,2191
1,2192
1,2193
1,2194
1,2195
1,2196
1,2197
1,2198
1,2199
1,2200
1,2201
1,2202
1,2203
1,2204
1,2205
1,2206
1,2207
1,2208
1,2209
1,2210
1,2211
1,2212
1,2213
1,2214
1,2215
1,2216
1,2217
1,2218
1,2219
1,2220
1,2221
1,2222
1,2223
1,2224
1,2225
1,2226
1,2227
1,2228
1,2229
1,2230
1,2231
1,2232
1,2233
1,2234
1,2235
1,2236
1,2237
1,2238
1,2239
1,2240
1,2241
1,2242
1,2243
1,2244
1,2245
1,2246
1,2247
1,2248
1,2249
1,2250
1,2251
1,2252
1,2253
1,2254
1,2255
1,2256
1,2257
1,2258
1,2259
1,2260
1,2261
1,2262
1,2263
1,2264
1,2265
1,2266
1,2267
1,2268
1,2269
1,2270
1,2271
1,2272
1,2274
1,2275
1,2276
1,2277
1,2278
1,2279
1,2280
1,2281
1,2282
1,2283
1,2284
1,2285
1,2286
1,2287
1,2288
1,2289
1,2290
1,2291
1,2292
1,2293
1,2294
1,2295
1,2296
1,2297
1,2298
1,2299
1,2300
1,2301
1,2302
1,2303
1,2304
1,2305
1,2306
1,2307
1,2308
1,2309
1,2310
1,2311
1,2312
1,2313
1,2314
1,2315
1,2316
1,2317
1,2318
1,2319
1,2320
1,2321
1,2322
1,2323
1,2324
1,2325
1,2326
1,2327
1,2328
1,2329
1,2330
1,2331
1,2332
1,2333
1,2334
1,2335
1,2336
1,2337
1,2338
1,2339
1,2340
1,2341
1,2342
1,2343
1,2344
1,2345
1,2346
1,2347
1,2348
1,2349
1,2350
1,2351
1,2352
1,2353
1,2355
1,2356
1,2357
1,2358
1,2359
1,2360
1,2361
1,2362
1,2363
1,2364
1,2366
1,2367
1,2368
1,2369
1,2370
1,2371
1,2372
1,2373
1,2374
1,2375
1,2376
1,2377
1,2378
1,2379
1,2380
1,2381
1,2382
1,2383
1,2384
1,2385
1,2386
1,2387
1,2388
1,2389
1,2390
1,2391
1,2392
1,2393
1,2394
1,2395
1,2396
1,2397
1,2398
1,2399
1,2400
1,2401
1,2402
1,2403
1,2404
1,2405
1,2406
1,2407
1,2408
1,2409
1,2410
1,2411
1,2412
1,2413
1,2414
1,2415
1,2416
1,2417
1,2418
1,2419
1,2420
1,2421
1,2422
1,2423
1,2424
1,2425
1,2426
1,2427
1,2428
1,2429
1,2430
1,2431
1,2432
1,2433
1,2434
1,2435
1,2437
1,2439
1,2440
1,2441
1,2442
1,2443
1,2444
1,2445
1,2446
1,2447
1,2448
1,2449
1,2450
1,2451
1,2452
1,2453
1,2454
1,2455
1,2456
1,2457
1,2458
1,2460
1,2461
1,2462
1,2464
1,2465
1,2466
1,2467
1,2468
1,2469
1,2470
1,2471
1,2472
1,2473
1,2474
1,2475
1,2476
1,2477
1,2478
1,2479
1,2480
1,2481
1,2482
1,2483
1,2484
1,2485
1,2486
1,2487
1,2488
1,2489
1,2490
1,2491
1,2492
1,2493
1,2494
1,2495
1,2496
1,2497
1,2498
1,2500
1,2501
1,2502
1,2503
1,2504
1,2505
1,2506
1,2507
1,2508
1,2509
1,2510
1,2511
1,2512
1,2513
1,2514
1,2515
1,2516
1,2517
1,2518
1,2519
1,2520
1,2522
1,2523
1,2524
1,2525
1,2526
1,2527
1,2528
1,2529
1,2530
1,2531
1,2532
1,2533
1,2534
1,2535
1,2536
1,2537
1,2539
1,2540
1,2541
1,2542
1,2543
1,2544
1,2545
1,2546
1,2547
1,2548
1,2549
1,2550
1,2551
1,2552
1,2553
1,2554
1,2555
1,2556
1,2557
1,2558
1,2559
1,2560
1,2561
1,2562
1,2563
1,2564
1,2565
1,2566
1,2567
1,2568
1,2569
1,2570
1,2571
1,2572
1,2573
1,2574
1,2575
1,2576
1,2577
1,2578
1,2579
1,2580
1,2581
1,2582
1,2583
1,2584
1,2585
1,2586
1,2587
1,2588
1,2589
1,2590
1,2591
1,2592
1,2593
1,2594
1,2595
1,2596
1,2597
1,2598
1,2599
1,2600
1,2601
1,2602
1,2603
1,2604
1,2605
1,2606
1,2607
1,2608
1,2609
1,2610
1,2611
1,2612
1,2613
1,2615
1,2617
1,2618
1,2619
1,2620
1,2621
1,2622
1,2623
1,2624
1,2625
1,2626
1,2627
1,2628
1,2629
1,2630
1,2631
1,2632
1,2633
1,2634
1,2636
1,2637
1,2638
1,2639
1,2640
1,2641
1,2642
1,2643
1,2644
1,2645
1,2646
1,2647
1,2648
1,2649
1,2650
1,2651
1,2652
1,2653
1,2654
1,2655
1,2656
1,2657
1,2658
1,2659
1,2660
1,2661
1,2663
1,2664
1,2665
1,2666
1,2667
1,2668
1,2669
1,2670
1,2671
1,2672
1,2673
1,2674
1,2675
1,2676
1,2677
1,2678
1,2679
1,2680
1,2681
1,2682
1,2683
1,2684
1,2685
1,2686
1,2687
1,2688
1,2689
1,2690
1,2691
1,2692
1,2693
1,2694
1,2695
1,2696
1,2697
1,2698
1,2700
1,2701
1,2703
1,2704
1,2705
1,2706
1,2707
1,2708
1,2709
1,2710
1,2711
1,2712
1,2713
1,2714
1,2715
1,2716
1,2717
1,2718
1,2719
1,2720
1,2721
1,2722
1,2723
1,2724
1,2725
1,2726
1,2727
1,2728
1,2729
1,2730
1,2731
1,2732
1,2733
1,2734
1,2735
1,2736
1,2737
1,2738
1,2739
1,2740
1,2741
1,2742
1,2743
1,2744
1,2745
1,2746
1,2747
1,2748
1,2749
1,2750
1,2751
1,2752
1,2753
1,2754
1,2755
1,2756
1,2757
1,2758
1,2759
1,2760
1,2761
1,2762
1,2763
1,2765
1,2766
1,2767
1,2768
1,2769
1,2770
1,2771
1,2772
1,2773
1,2774
1,2775
1,2776
1,2777
1,2778
1,2779
1,2780
1,2781
1,2782
1,2783
1,2784
1,2785
1,2786
1,2787
1,2788
1,2789
1,2790
1,2791
1,2792
1,2793
1,2794
1,2795
1,2796
1,2797
1,2798
1,2799
1,2800
1,2801
1,2802
1,2803
1,2804
1,2805
1,2806
1,2807
1,2808
1,2809
1,2810
1,2811
1,2812
1,2813
1,2814
1,2815
1,2816
1,2817
1,2818
1,2819
1,2820
1,2821
1,2822
1,2823
1,2824
1,2826
1,2827
1,2828
1,2829
1,2830
1,2831
1,2832
1,2833
1,2834
1,2835
1,2836
1,2837
1,2838
1,2839
1,2840
1,2841
1,2842
1,2844
1,2845
1,2846
1,2847
1,2848
1,2849
1,2850
1,2851
1,2852
1,2853
1,2854
1,2855
1,2856
1,2857
1,2858
1,2859
1,2860
1,2861
1,2862
1,2863
1,2864
1,2865
1,2866
1,2867
1,2868
1,2869
1,2870
1,2871
1,2873
1,2874
1,2875
1,2876
1,2878
1,2879
1,2880
1,2881
1,2882
1,2883
1,2884
1,2885
1,2886
1,2887
1,2888
1,2889
1,2890
1,2891
1,2892
1,2893
1,2894
1,2895
1,2896
1,2897
1,2898
1,2899
1,2901
1,2902
1,2903
1,2904
1,2905
1,2906
1,2907
1,2908
1,2909
1,2910
1,2911
1,2912
1,2913
1,2914
1,2915
1,2916
1,2917
1,2918
1,2919
1,2920
1,2921
1,2922
1,2923
1,2924
1,2925
1,2926
1,2927
1,2928
1,2929
1,2930
1,2931
1,2932
1,2934
1,2935
1,2936
1,2938
1,2939
1,2940
1,2941
1,2942
1,2943
1,2944
1,2945
1,2946
1,2947
1,2948
1,2949
1,2950
1,2951
1,2952
1,2953
1,2954
1,2955
1,2956
1,2957
1,2958
1,2959
1,2960
1,2961
1,2962
1,2963
1,2964
1,2965
1,2966
1,2967
1,2968
1,2969
1,2970
1,2971
1,2972
1,2973
1,2974
1,2975
1,2976
1,2977
1,2978
1,2979
1,2980
1,2981
1,2982
1,2983
1,2984
1,2985
1,2986
1,2987
1,2989
1,2990
1,2991
1,2992
1,2993
1,2994
1,2995
1,2996
1,2997
1,2998
1,2999
1,3000
1,3001
1,3002
1,3003
1,3006
1,3008
1,3010
1,3011
1,3012
1,3013
1,3014
1,3016
1,3018
1,3019
1,3020
1,3021
1,3022
1,3023
1,3024
1,3025
1,3026
1,3027
1,3029
1,3031
1,3032
1,3033
1,3034
1,3035
1,3036
1,3037
1,3038
1,3040
1,3042
1,3043
1,3044
1,3045
1,3046
1,3047
1,3049
1,3050
1,3052
1,3054
1,3055
1,3056
1,3058
1,3059
1,3060
1,3061
1,3062
1,3063
1,3064
1,3066
1,3068
1,3069
1,3070
1,3073
1,3074
1,3075
1,3076
1,3077
1,3078
1,3079
1,3080
1,3081
1,3083
1,3084
1,3085
1,3086
1,3087
1,3088
1,3089
1,3091
1,3092
1,3093
1,3094
1,3096
1,3097
1,3098
1,3099
1,3100
1,3101
1,3103
1,3104
1,3107
1,3108
1,3110
1,3111
1,3112
1,3113
1,3116
1,3117
1,3119
1,3120
1,3121
1,3122
1,3123
1,3124
1,3125
1,3126
1,3127
1,3128
1,3129
1,3130
1,3131
1,3133
1,3135
1,3136
1,3137
1,3138
1,3139
1,3140
1,3142
1,3143
1,3144
1,3145
1,3146
1,3147
1,3148
1,3149
1,3150
1,3151
1,3152
1,3153
1,3155
1,3157
1,3158
1,3159
1,3160
1,3161
1,3162
1,3164
1,3166
1,3167
1,3168
1,3169
1,3171
1,3172
1,3173
1,3175
1,3176
1,3177
1,3178
1,3180
1,3181
1,3183
1,3186
1,3188
1,3189
1,3190
1,3191
1,3193
1,3194
1,3195
1,3196
1,3197
1,3198
1,3201
1,3202
1,3203
1,3205
1,3206
1,3208
1,3209
1,3210
1,3211
1,3212
1,3213
1,3214
1,3215
1,3216
1,3217
1,3218
1,3219
1,3221
1,3222
1,3223
1,3224
1,3226
1,3228
1,3229
1,3230
1,3231
1,3232
1,3233
1,3235
1,3236
1,3237
1,3239
1,3240
1,3241
1,3243
1,3245
1,3246
1,3247
1,3248
1,3249
1,3250
1,3251
1,3252
1,3253
1,3254
1,3255
1,3256
1,3257
1,3258
1,3259
1,3260
1,3261
1,3262
1,3263
1,3264
1,3266
1,3267
1,3268
1,3269
1,3270
1,3271
1,3272
1,3273
1,3274
1,3275
1,3276
1,3279
1,3280
1,3282
1,3283
1,3284
1,3285
1,3286
1,3288
1,3289
1,3290
1,3291
1,3292
1,3293
1,3295
1,3297
1,3298
1,3299
1,3300
1,3301
1,3302
1,3303
1,3304
1,3305
1,3306
1,3307
1,3309
1,3312
1,3313
1,3314
1,3315
1,3316
1,3317
1,3319
1,3320
1,3322
1,3323
1,3324
1,3325
1,3326
1,3327
1,3329
1,3330
1,3332
1,3333
1,3334
1,3335
1,3336
1,3337
1,3338
1,3339
1,3341
1,3342
1,3343
1,3344
1,3345
1,3346
1,3347
1,3348
1,3349
1,3350
1,3351
1,3352
1,3353
1,3354
1,3355
1,3356
1,3357
1,3358
1,3359
1,3361
1,3362
1,3363
1,3364
1,3365
1,3367
1,3369
1,3370
1,3371
1,3372
1,3373
1,3375
1,3376
1,3379
1,3380
1,3381
1,3383
1,3384
1,3387
1,3388
1,3389
1,3390
1,3391
1,3392
1,3393
1,3394
1,3396
1,3397
1,3399
1,3400
1,3401
1,3402
1,3403
1,3404
1,3405
1,3406
1,3407
1,3408
1,3409
1,3410
1,3411
1,3412
1,3413
1,3414
1,3415
1,3416
1,3419
1,3420
1,3422
1,3423
1,3424
1,3425
1,3426
1,3427
1,3428
1,3429
1,3430
1,3431
1,3432
1,3433
1,3434
1,3435
1,3437
1,3438
1,3439
1,3440
1,3441
1,3442
1,3443
1,3444
1,3445
1,3446
1,3447
1,3448
1,3449
1,3450
1,3451
1,3452
1,3453
1,3455
1,3456
1,3458
1,3459
1,3460
1,3461
1,3462
1,3463
1,3464
1,3466
1,3467
1,3468
1,3469
1,3470
1,3471
1,3472
1,3473
1,3475
1,3476
1,3477
1,3479
1,3480
1,3481
1,3482
1,3483
1,3484
1,3485
1,3486
1,3487
1,3488
1,3489
1,3490
1,3491
1,3492
1,3493
1,3494
1,3495
1,3496
1,3497
1,3498
1,3499
1,3500
1,3501
1,3503
1,3504
1,3506
1,3508
1,3510
1,3511
1,3512
1,3513
1,3514
1,3515
1,3516
1,3518
1,3521
1,3522
1,3523
1,3524
1,3525
1,3526
1,3527
1,3528
1,3529
1,3530
1,3532
1,3533
1,3534
1,3535
1,3536
1,3537
1,3539
1,3540
1,3541
1,3542
1,3544
1,3545
1,3548
1,3549
1,3550
1,3551
1,3552
1,3553
1,3555
1,3556
1,3557
1,3558
1,3559
1,3560
1,3561
1,3563
1,3564
1,3566
1,3568
1,3569
1,3570
1,3571
1,3572
1,3573
1,3574
1,3575
1,3576
1,3579
1,3580
1,3581
1,3582
1,3583
1,3584
1,3585
1,3586
1,3588
1,3589
1,3590
1,3591
1,3592
1,3593
1,3595
1,3596
1,3597
1,3598
1,3599
1,3600
1,3601
1,3602
1,3603
1,3604
1,3607
1,3608
1,3609
1,3610
1,3611
1,3612
1,3614
1,3615
1,3616
1,3617
1,3618
1,3619
1,3620
1,3621
1,3622
1,3623
1,3624
1,3625
1,3626
1,3627
1,3628
1,3629
1,3630
1,3631
1,3632
1,3633
1,3634
1,3635
1,3636
1,3637
1,3638
1,3639
1,3640
1,3641
1,3642
1,3643
1,3644
1,3646
1,3647
1,3648
1,3649
1,3650
1,3651
1,3653
1,3654
1,3655
1,3657
1,3658
1,3659
1,3660
1,3661
1,3662
1,3663
1,3664
1,3665
1,3667
1,3668
1,3669
1,3670
1,3671
1,3674
1,3675
1,3678
1,3679
1,3681
1,3682
1,3683
1,3684
1,3685
1,3687
1,3689
1,3690
1,3691
1,3692
1,3693
1,3695
1,3696
1,3697
1,3698
1,3699
1,3700
1,3701
1,3702
1,3703
1,3704
1,3705
1,3706
1,3707
1,3708
1,3709
1,3710
1,3711
1,3712
1,3713
1,3714
1,3715
1,3716
1,3718
1,3719
1,3720
1,3721
1,3722
1,3723
1,3724
1,3725
1,3726
1,3727
1,3728
1,3730
1,3732
1,3733
1,3734
1,3735
1,3737
1,3738
1,3739
1,3740
1,3741
1,3742
1,3743
1,3744
1,3745
1,3747
1,3748
1,3749
1,3751
1,3752
1,3754
1,3756
1,3757
1,3759
1,3760
1,3761
1,3762
1,3763
1,3764
1,3765
1,3766
1,3768
1,3769
1,3770
1,3771
1,3772
1,3774
1,3778
1,3779
1,3780
1,3781
1,3783
1,3784
1,3786
1,3787
1,3788
1,3789
1,3790
1,3791
1,3792
1,3793
1,3794
1,3796
1,3798
1,3799
1,3800
1,3801
1,3802
1,3803
1,3804
1,3805
1,3806
1,3807
1,3808
1,3809
1,3810
1,3811
1,3812
1,3813
1,3814
1,3818
1,3819
1,3820
1,3821
1,3822
1,3823
1,3824
1,3825
1,3827
1,3828
1,3829
1,3832
1,3834
1,3835
1,3836
1,3837
1,3838
1,3840
1,3842
1,3843
1,3844
1,3845
1,3846
1,3848
1,3849
1,3850
1,3851
1,3852
1,3853
1,3854
1,3855
1,3856
1,3857
1,3858
1,3859
1,3861
1,3862
1,3863
1,3864
1,3866
1,3867
1,3868
1,3869
1,3870
1,3871
1,3873
1,3874
1,3875
1,3877
1,3878
1,3879
1,3880
1,3881
1,3882
1,3883
1,3884
1,3885
1,3886
1,3888
1,3889
1,3890
1,3891
1,3892
1,3893
1,3894
1,3895
1,3896
1,3897
1,3898
1,3899
1,3900
1,3902
1,3903
1,3904
1,3906
1,3907
1,3908
1,3909
1,3911
1,3912
1,3913
1,3915
1,3916
1,3917
1,3919
1,3920
1,3921
1,3922
1,3923
1,3924
1,3926
1,3928
1,3929
1,3930
1,3931
1,3932
1,3935
1,3936
1,3937
1,3938
1,3939
1,3940
1,3941
1,3942
1,3943
1,3944
1,3945
1,3946
1,3947
1,3949
1,3950
1,3951
1,3952
1,3953
1,3954
1,3955
1,3957
1,3958
1,3959
1,3960
1,3962
1,3963
1,3964
1,3965
1,3966
1,3967
1,3968
1,3969
1,3970
1,3971
1,3972
1,3973
1,3974
1,3976
1,3977
1,3978
1,3979
1,3981
1,3982
1,3983
1,3984
1,3985
1,3986
1,3987
1,3988
1,3989
1,3990
1,3991
1,3992
1,3993
1,3994
1,3996
1,3997
1,3999
1,4000
1,4001
1,4002
1,4004
1,4005
1,4006
1,4007
1,4008
1,4009
1,4010
1,4011
1,4013
1,4014
1,4015
1,4016
1,4017
1,4019
1,4020
1,4021
1,4023
1,4025
1,4026
1,4027
1,4028
1,4029
1,4030
1,4031
1,4033
1,4034
1,4035
1,4036
1,4037
1,4040
1,4041
1,4042
1,4044
1,4045
1,4046
1,4050
1,4051
1,4052
1,4053
1,4054
1,4055
1,4056
1,4057
1,4058
1,4059
1,4061
1,4062
1,4064
1,4065
1,4066
1,4067
1,4068
1,4071
1,4072
1,4073
1,4074
1,4075
1,4077
1,4078
1,4079
1,4081
1,4083
1,4084
1,4086
1,4087
1,4089
1,4090
1,4091
1,4093
1,4094
1,4095
1,4097
1,4098
1,4099
1,4102
1,4103
1,4104
1,4105
1,4106
1,4107
1,4109
1,4110
1,4111
1,4112
1,4114
1,4115
1,4116
1,4117
1,4118
1,4119
1,4120
1,4122
1,4123
1,4124
1,4125
1,4126
1,4127
1,4129
1,4131
1,4132
1,4133
1,4134
1,4135
1,4136
1,4137
1,4138
1,4140
1,4141
1,4144
1,4146
1,4147
1,4148
1,4150
1,4151
1,4152
1,4153
1,4154
1,4155
1,4156
1,4157
1,4158
1,4159
1,4160
1,4161
1,4162
1,4164
1,4165
1,4167
1,4169
1,4170
1,4171
1,4174
1,4175
1,4176
1,4181
1,4182
1,4184
1,4188
1,4190
1,4192
1,4193
1,4194
1,4195
1,4197
1,4198
1,4199
1,4200
1,4201
1,4204
1,4205
1,4206
1,4208
1,4209
1,4210
1,4211
1,4212
1,4213
1,4214
1,4217
1,4218
1,4220
1,4221
1,4223
1,4225
1,4228
1,4229
1,4231
1,4232
1,4233
1,4234
1,4235
1,4236
1,4237
1,4238
1,4239
1,4240
1,4241
1,4245
1,4246
1,4247
1,4248
1,4249
1,4250
1,4251
1,4253
1,4254
1,4255
1,4256
1,4257
1,4258
1,4260
1,4261
1,4263
1,4265
1,4266
1,4267
1,4268
1,4269
1,4270
1,4271
1,4274
1,4275
1,4276
1,4277
1,4278
1,4279
1,4280
1,4283
1,4284
1,4286
1,4287
1,4288
1,4289
1,4290
1,4291
1,4292
1,4294
1,4295
1,4296
1,4297
1,4298
1,4299
1,4300
1,4301
1,4302
1,4303
1,4304
1,4306
1,4307
1,4308
1,4309
1,4311
1,4312
1,4314
1,4315
1,4317
1,4320
1,4321
1,4322
1,4323
1,4325
1,4326
1,4331
1,4332
1,4333
1,4334
1,4335
1,4336
1,4339
1,4343
1,4344
1,4345
1,4346
1,4347
1,4348
1,4349
1,4350
1,4351
1,4352
1,4353
1,4354
1,4355
1,4357
1,4358
1,4359
1,4361
1,4362
1,4363
1,4364
1,4365
1,4366
1,4367
1,4368
1,4369
1,4370
1,4371
1,4372
1,4373
1,4374
1,4375
1,4376
1,4378
1,4381
1,4383
1,4386
1,4387
1,4388
1,4389
1,4390
1,4391
1,4392
1,4393
1,4394
1,4395
1,4398
1,4399
1,4400
1,4401
1,4402
1,4405
1,4408
1,4409
1,4410
1,4411
1,4413
1,4414
1,4415
1,4416
1,4417
1,4418
1,4419
1,4420
1,4422
1,4423
1,4424
1,4425
1,4426
1,4427
1,4428
1,4430
1,4431
1,4432
1,4433
1,4436
1,4437
1,4438
1,4439
1,4441
1,4443
1,4444
1,4445
1,4446
1,4447
1,4448
1,4449
1,4450
1,4451
1,4452
1,4453
1,4454
1,4455
1,4456
1,4457
1,4458
1,4459
1,4460
1,4461
1,4463
1,4465
1,4466
1,4467
1,4468
1,4469
1,4471
1,4472
1,4474
1,4475
1,4476
1,4477
1,4478
1,4479
1,4480
1,4481
1,4482
1,4483
1,4484
1,4485
1,4486
1,4487
1,4488
1,4491
1,4492
1,4493
1,4494
1,4495
1,4496
1,4497
1,4498
1,4499
1,4502
1,4503
1,4504
1,4505
1,4506
1,4507
1,4509
1,4510
1,4511
1,4512
1,4513
1,4514
1,4515
1,4516
1,4517
1,4518
1,4520
1,4521
1,4522
1,4523
1,4524
1,4525
1,4527
1,4528
1,4529
1,4530
1,4536
1,4537
1,4539
1,4541
1,4542
1,4543
1,4544
1,4545
1,4546
1,4547
1,4549
1,4550
1,4551
1,4552
1,4553
1,4555
1,4556
1,4557
1,4558
1,4559
1,4560
1,4561
1,4562
1,4564
1,4565
1,4566
1,4567
1,4568
1,4569
1,4570
1,4571
1,4573
1,4575
1,4576
1,4578
1,4579
1,4580
1,4581
1,4582
1,4583
1,4584
1,4585
1,4588
1,4590
1,4592
1,4594
1,4595
1,4596
1,4597
1,4598
1,4599
1,4600
1,4601
1,4602
1,4603
1,4604
1,4606
1,4607
1,4608
1,4610
1,4611
1,4612
1,4613
1,4614
1,4615
1,4617
1,4618
1,4621
1,4622
1,4626
1,4627
1,4629
1,4630
1,4632
1,4633
1,4634
1,4635
1,4637
1,4638
1,4639
1,4641
1,4643
1,4644
1,4646
1,4647
1,4648
1,4649
1,4650
1,4651
1,4652
1,4653
1,4654
1,4655
1,4657
1,4658
1,4659
1,4661
1,4662
1,4664
1,4665
1,4666
1,4667
1,4668
1,4669
1,4670
1,4671
1,4672
1,4673
1,4674
1,4675
1,4676
1,4678
1,4679
1,4680
1,4681
1,4682
1,4683
1,4684
1,4685
1,4686
1,4689
1,4691
1,4692
1,4693
1,4694
1,4696
1,4698
1,4700
1,4701
1,4702
1,4704
1,4705
1,4707
1,4708
1,4709
1,4710
1,4712
1,4713
1,4717
1,4719
1,4720
1,4721
1,4722
1,4723
1,4724
1,4725
1,4726
1,4728
1,4729
1,4730
1,4731
1,4733
1,4734
1,4736
1,4737
1,4738
1,4741
1,4742
1,4744
1,4745
1,4746
1,4749
1,4750
1,4751
1,4752
1,4754
1,4755
1,4756
1,4757
1,4759
1,4760
1,4763
1,4764
1,4766
1,4767
1,4771
1,4772
1,4773
1,4774
1,4777
1,4778
1,4779
1,4780
1,4781
1,4783
1,4784
1,4785
1,4786
1,4789
1,4790
1,4791
1,4792
1,4793
1,4794
1,4795
1,4796
1,4797
1,4798
1,4799
1,4800
1,4801
1,4802
1,4803
1,4804
1,4805
1,4806
1,4807
1,4808
1,4810
1,4811
1,4812
1,4814
1,4815
1,4816
1,4818
1,4819
1,4821
1,4823
1,4824
1,4825
1,4827
1,4828
1,4829
1,4830
1,4832
1,4833
1,4834
1,4835
1,4836
1,4837
1,4838
1,4839
1,4841
1,4842
1,4843
1,4845
1,4847
1,4848
1,4849
1,4850
1,4852
1,4853
1,4854
1,4855
1,4856
1,4857
1,4859
1,4861
1,4862
1,4863
1,4864
1,4865
1,4866
1,4868
1,4870
1,4872
1,4874
1,4875
1,4880
1,4881
1,4882
1,4883
1,4884
1,4885
1,4886
1,4887
1,4888
1,4889
1,4891
1,4892
1,4893
1,4894
1,4895
1,4896
1,4897
1,4899
1,4900
1,4901
1,4902
1,4903
1,4904
1,4905
1,4906
1,4907
1,4908
1,4909
1,4910
1,4912
1,4913
1,4914
1,4915
1,4916
1,4917
1,4918
1,4921
1,4922
1,4924
1,4925
1,4927
1,4930
1,4931
1,4932
1,4933
1,4934
1,4937
1,4938
